"name","ingredients","diet","prep_time","cook_time","flavor_profile","course","state","region"
"Balu shahi","Maida flour","vegetarian",45,25,"sweet","dessert","West Bengal","East"
"Balu shahi","yogurt","vegetarian",45,25,"sweet","dessert","West Bengal","East"
"Balu shahi","oil","vegetarian",45,25,"sweet","dessert","West Bengal","East"
"Balu shahi","sugar","vegetarian",45,25,"sweet","dessert","West Bengal","East"
"Boondi","Gram flour","vegetarian",80,30,"sweet","dessert","Rajasthan","West"
"Boondi","ghee","vegetarian",80,30,"sweet","dessert","Rajasthan","West"
"Boondi","sugar","vegetarian",80,30,"sweet","dessert","Rajasthan","West"
"Gajar ka halwa","Carrots","vegetarian",15,60,"sweet","dessert","Punjab","North"
"Gajar ka halwa","milk","vegetarian",15,60,"sweet","dessert","Punjab","North"
"Gajar ka halwa","sugar","vegetarian",15,60,"sweet","dessert","Punjab","North"
"Gajar ka halwa","ghee","vegetarian",15,60,"sweet","dessert","Punjab","North"
"Gajar ka halwa","cashews","vegetarian",15,60,"sweet","dessert","Punjab","North"
"Gajar ka halwa","raisins","vegetarian",15,60,"sweet","dessert","Punjab","North"
"Ghevar","Flour","vegetarian",15,30,"sweet","dessert","Rajasthan","West"
"Ghevar","ghee","vegetarian",15,30,"sweet","dessert","Rajasthan","West"
"Ghevar","kewra","vegetarian",15,30,"sweet","dessert","Rajasthan","West"
"Ghevar","milk","vegetarian",15,30,"sweet","dessert","Rajasthan","West"
"Ghevar","clarified butter","vegetarian",15,30,"sweet","dessert","Rajasthan","West"
"Ghevar","sugar","vegetarian",15,30,"sweet","dessert","Rajasthan","West"
"Ghevar","almonds","vegetarian",15,30,"sweet","dessert","Rajasthan","West"
"Ghevar","pistachio","vegetarian",15,30,"sweet","dessert","Rajasthan","West"
"Ghevar","saffron","vegetarian",15,30,"sweet","dessert","Rajasthan","West"
"Ghevar","green cardamom","vegetarian",15,30,"sweet","dessert","Rajasthan","West"
"Gulab jamun","Milk powder","vegetarian",15,40,"sweet","dessert","West Bengal","East"
"Gulab jamun","plain flour","vegetarian",15,40,"sweet","dessert","West Bengal","East"
"Gulab jamun","baking powder","vegetarian",15,40,"sweet","dessert","West Bengal","East"
"Gulab jamun","ghee","vegetarian",15,40,"sweet","dessert","West Bengal","East"
"Gulab jamun","milk","vegetarian",15,40,"sweet","dessert","West Bengal","East"
"Gulab jamun","sugar","vegetarian",15,40,"sweet","dessert","West Bengal","East"
"Gulab jamun","water","vegetarian",15,40,"sweet","dessert","West Bengal","East"
"Gulab jamun","rose water","vegetarian",15,40,"sweet","dessert","West Bengal","East"
"Imarti","Sugar syrup","vegetarian",10,50,"sweet","dessert","West Bengal","East"
"Imarti","lentil flour","vegetarian",10,50,"sweet","dessert","West Bengal","East"
"Jalebi","Maida","vegetarian",10,50,"sweet","dessert","Uttar Pradesh","North"
"Jalebi","corn flour","vegetarian",10,50,"sweet","dessert","Uttar Pradesh","North"
"Jalebi","baking soda","vegetarian",10,50,"sweet","dessert","Uttar Pradesh","North"
"Jalebi","vinegar","vegetarian",10,50,"sweet","dessert","Uttar Pradesh","North"
"Jalebi","curd","vegetarian",10,50,"sweet","dessert","Uttar Pradesh","North"
"Jalebi","water","vegetarian",10,50,"sweet","dessert","Uttar Pradesh","North"
"Jalebi","turmeric","vegetarian",10,50,"sweet","dessert","Uttar Pradesh","North"
"Jalebi","saffron","vegetarian",10,50,"sweet","dessert","Uttar Pradesh","North"
"Jalebi","cardamom","vegetarian",10,50,"sweet","dessert","Uttar Pradesh","North"
"Kaju katli","Cashews","vegetarian",10,20,"sweet","dessert","-1","-1"
"Kaju katli","ghee","vegetarian",10,20,"sweet","dessert","-1","-1"
"Kaju katli","cardamom","vegetarian",10,20,"sweet","dessert","-1","-1"
"Kaju katli","sugar","vegetarian",10,20,"sweet","dessert","-1","-1"
"Kalakand","Milk","vegetarian",20,30,"sweet","dessert","West Bengal","East"
"Kalakand","cottage cheese","vegetarian",20,30,"sweet","dessert","West Bengal","East"
"Kalakand","sugar","vegetarian",20,30,"sweet","dessert","West Bengal","East"
"Kheer","Milk","vegetarian",10,40,"sweet","dessert","-1","-1"
"Kheer","rice","vegetarian",10,40,"sweet","dessert","-1","-1"
"Kheer","sugar","vegetarian",10,40,"sweet","dessert","-1","-1"
"Kheer","dried fruits","vegetarian",10,40,"sweet","dessert","-1","-1"
"Laddu","Gram flour","vegetarian",10,40,"sweet","dessert","-1","-1"
"Laddu","ghee","vegetarian",10,40,"sweet","dessert","-1","-1"
"Laddu","sugar","vegetarian",10,40,"sweet","dessert","-1","-1"
"Lassi","Yogurt","vegetarian",5,5,"sweet","dessert","Punjab","North"
"Lassi","milk","vegetarian",5,5,"sweet","dessert","Punjab","North"
"Lassi","nuts","vegetarian",5,5,"sweet","dessert","Punjab","North"
"Lassi","sugar","vegetarian",5,5,"sweet","dessert","Punjab","North"
"Nankhatai","Refined flour","vegetarian",20,30,"sweet","dessert","-1","-1"
"Nankhatai","besan","vegetarian",20,30,"sweet","dessert","-1","-1"
"Nankhatai","ghee","vegetarian",20,30,"sweet","dessert","-1","-1"
"Nankhatai","powdered sugar","vegetarian",20,30,"sweet","dessert","-1","-1"
"Nankhatai","yoghurt","vegetarian",20,30,"sweet","dessert","-1","-1"
"Nankhatai","green cardamom","vegetarian",20,30,"sweet","dessert","-1","-1"
"Petha","Firm white pumpkin","vegetarian",10,30,"sweet","dessert","Uttar Pradesh","North"
"Petha","sugar","vegetarian",10,30,"sweet","dessert","Uttar Pradesh","North"
"Petha","kitchen lime","vegetarian",10,30,"sweet","dessert","Uttar Pradesh","North"
"Petha","alum powder","vegetarian",10,30,"sweet","dessert","Uttar Pradesh","North"
"Phirni","Rice","vegetarian",30,20,"sweet","dessert","Odisha","East"
"Phirni","sugar","vegetarian",30,20,"sweet","dessert","Odisha","East"
"Phirni","nuts","vegetarian",30,20,"sweet","dessert","Odisha","East"
"Rabri","Condensed milk","vegetarian",10,45,"sweet","dessert","Uttar Pradesh","North"
"Rabri","sugar","vegetarian",10,45,"sweet","dessert","Uttar Pradesh","North"
"Rabri","spices","vegetarian",10,45,"sweet","dessert","Uttar Pradesh","North"
"Rabri","nuts","vegetarian",10,45,"sweet","dessert","Uttar Pradesh","North"
"Sheera","Semolina","vegetarian",10,25,"sweet","dessert","Maharashtra","West"
"Sheera","ghee","vegetarian",10,25,"sweet","dessert","Maharashtra","West"
"Sheera","nuts","vegetarian",10,25,"sweet","dessert","Maharashtra","West"
"Sheera","milk","vegetarian",10,25,"sweet","dessert","Maharashtra","West"
"Singori","Khoa","vegetarian",10,20,"sweet","dessert","Uttarakhand","North"
"Singori","coconut","vegetarian",10,20,"sweet","dessert","Uttarakhand","North"
"Singori","molu leaf","vegetarian",10,20,"sweet","dessert","Uttarakhand","North"
"Sohan halwa","Corn flour","vegetarian",10,60,"sweet","dessert","Uttar Pradesh","North"
"Sohan halwa","ghee","vegetarian",10,60,"sweet","dessert","Uttar Pradesh","North"
"Sohan halwa","dry fruits","vegetarian",10,60,"sweet","dessert","Uttar Pradesh","North"
"Sohan papdi","Gram flour","vegetarian",-1,60,"sweet","dessert","Maharashtra","West"
"Sohan papdi","ghee","vegetarian",-1,60,"sweet","dessert","Maharashtra","West"
"Sohan papdi","sugar","vegetarian",-1,60,"sweet","dessert","Maharashtra","West"
"Sohan papdi","milk","vegetarian",-1,60,"sweet","dessert","Maharashtra","West"
"Sohan papdi","cardamom","vegetarian",-1,60,"sweet","dessert","Maharashtra","West"
"Chhena jalebi","Chhena","vegetarian",10,50,"sweet","dessert","Odisha","East"
"Chhena jalebi","sugar","vegetarian",10,50,"sweet","dessert","Odisha","East"
"Chhena jalebi","ghee","vegetarian",10,50,"sweet","dessert","Odisha","East"
"Chhena kheeri","Chhena","vegetarian",-1,60,"sweet","dessert","Odisha","East"
"Chhena kheeri","sugar","vegetarian",-1,60,"sweet","dessert","Odisha","East"
"Chhena kheeri","milk","vegetarian",-1,60,"sweet","dessert","Odisha","East"
"Chhena poda","Sugar","vegetarian",10,45,"sweet","dessert","Odisha","East"
"Chhena poda","chenna cheese","vegetarian",10,45,"sweet","dessert","Odisha","East"
"Cham cham","Flour","vegetarian",40,60,"sweet","dessert","West Bengal","East"
"Cham cham","cream","vegetarian",40,60,"sweet","dessert","West Bengal","East"
"Cham cham","sugar","vegetarian",40,60,"sweet","dessert","West Bengal","East"
"Cham cham","saffron","vegetarian",40,60,"sweet","dessert","West Bengal","East"
"Cham cham","lemon juice","vegetarian",40,60,"sweet","dessert","West Bengal","East"
"Cham cham","coconut flakes","vegetarian",40,60,"sweet","dessert","West Bengal","East"
"Kheer sagar","Chenna","vegetarian",25,60,"sweet","dessert","Odisha","East"
"Kheer sagar","condensed milk","vegetarian",25,60,"sweet","dessert","Odisha","East"
"Kheer sagar","sugar","vegetarian",25,60,"sweet","dessert","Odisha","East"
"Kheer sagar","saffron","vegetarian",25,60,"sweet","dessert","Odisha","East"
"Kheer sagar","cardamom","vegetarian",25,60,"sweet","dessert","Odisha","East"
"Ledikeni","Chhena","vegetarian",45,45,"sweet","dessert","West Bengal","East"
"Ledikeni","sugar","vegetarian",45,45,"sweet","dessert","West Bengal","East"
"Ledikeni","ghee","vegetarian",45,45,"sweet","dessert","West Bengal","East"
"Lyangcha","Flour","vegetarian",20,30,"sweet","dessert","Assam","North East"
"Lyangcha","fried milk power","vegetarian",20,30,"sweet","dessert","Assam","North East"
"Lyangcha","sugar syrup","vegetarian",20,30,"sweet","dessert","Assam","North East"
"Malapua","Yoghurt","vegetarian",10,120,"sweet","dessert","Bihar","North"
"Malapua","refined flour","vegetarian",10,120,"sweet","dessert","Bihar","North"
"Malapua","ghee","vegetarian",10,120,"sweet","dessert","Bihar","North"
"Malapua","fennel seeds","vegetarian",10,120,"sweet","dessert","Bihar","North"
"Mihidana","Besan flour","vegetarian",15,30,"sweet","dessert","West Bengal","East"
"Mihidana","sugar","vegetarian",15,30,"sweet","dessert","West Bengal","East"
"Mihidana","ghee","vegetarian",15,30,"sweet","dessert","West Bengal","East"
"Misti doi","Milk","vegetarian",480,30,"sweet","dessert","West Bengal","East"
"Misti doi","jaggery","vegetarian",480,30,"sweet","dessert","West Bengal","East"
"Pantua","Chhena","vegetarian",45,45,"sweet","dessert","West Bengal","East"
"Pantua","sugar","vegetarian",45,45,"sweet","dessert","West Bengal","East"
"Pantua","ghee","vegetarian",45,45,"sweet","dessert","West Bengal","East"
"Pantua","flour","vegetarian",45,45,"sweet","dessert","West Bengal","East"
"Pithe","Rice flour","vegetarian",15,35,"sweet","dessert","Assam","North East"
"Pithe","wheat flour","vegetarian",15,35,"sweet","dessert","Assam","North East"
"Rasabali","Chenna","vegetarian",15,30,"sweet","dessert","Odisha","East"
"Rasabali","sweetened milk","vegetarian",15,30,"sweet","dessert","Odisha","East"
"Ras malai","Chhena","vegetarian",180,60,"sweet","dessert","West Bengal","East"
"Ras malai","reduced milk","vegetarian",180,60,"sweet","dessert","West Bengal","East"
"Ras malai","pistachio","vegetarian",180,60,"sweet","dessert","West Bengal","East"
"Rasgulla","Chhena","vegetarian",10,90,"sweet","dessert","West Bengal","East"
"Rasgulla","sugar","vegetarian",10,90,"sweet","dessert","West Bengal","East"
"Rasgulla","cardamom","vegetarian",10,90,"sweet","dessert","West Bengal","East"
"Sandesh","Milk","vegetarian",30,20,"sweet","dessert","West Bengal","East"
"Sandesh","sugar","vegetarian",30,20,"sweet","dessert","West Bengal","East"
"Sandesh","saffron","vegetarian",30,20,"sweet","dessert","West Bengal","East"
"Sandesh","cardamom","vegetarian",30,20,"sweet","dessert","West Bengal","East"
"Adhirasam","Rice flour","vegetarian",10,50,"sweet","dessert","West Bengal","East"
"Adhirasam","jaggery","vegetarian",10,50,"sweet","dessert","West Bengal","East"
"Adhirasam","ghee","vegetarian",10,50,"sweet","dessert","West Bengal","East"
"Adhirasam","vegetable oil","vegetarian",10,50,"sweet","dessert","West Bengal","East"
"Adhirasam","elachi","vegetarian",10,50,"sweet","dessert","West Bengal","East"
"Ariselu","Rice flour","vegetarian",15,75,"sweet","dessert","Andhra Pradesh","South"
"Ariselu","jaggery","vegetarian",15,75,"sweet","dessert","Andhra Pradesh","South"
"Ariselu","ghee","vegetarian",15,75,"sweet","dessert","Andhra Pradesh","South"
"Bandar laddu","Besan","vegetarian",5,35,"sweet","dessert","Andhra Pradesh","South"
"Bandar laddu","jaggery","vegetarian",5,35,"sweet","dessert","Andhra Pradesh","South"
"Bandar laddu","cardamom powder","vegetarian",5,35,"sweet","dessert","Andhra Pradesh","South"
"Bandar laddu","ghee","vegetarian",5,35,"sweet","dessert","Andhra Pradesh","South"
"Bandar laddu","cashews and raisins","vegetarian",5,35,"sweet","dessert","Andhra Pradesh","South"
"Bandar laddu","jaggery syrup","vegetarian",5,35,"sweet","dessert","Andhra Pradesh","South"
"Bandar laddu","sugar","vegetarian",5,35,"sweet","dessert","Andhra Pradesh","South"
"Chikki","Peanuts","vegetarian",10,20,"sweet","dessert","Maharashtra","West"
"Chikki","jaggery","vegetarian",10,20,"sweet","dessert","Maharashtra","West"
"Dharwad pedha","Milk","vegetarian",20,60,"sweet","dessert","Karnataka","South"
"Dharwad pedha","Sugar","vegetarian",20,60,"sweet","dessert","Karnataka","South"
"Dharwad pedha","Dharwadi buffalo milk","vegetarian",20,60,"sweet","dessert","Karnataka","South"
"Double ka meetha","Loaf bread","vegetarian",20,30,"sweet","dessert","Telangana","South"
"Double ka meetha","milk","vegetarian",20,30,"sweet","dessert","Telangana","South"
"Gavvalu","Rice flour","vegetarian",10,30,"sweet","dessert","Andhra Pradesh","South"
"Gavvalu","sugar","vegetarian",10,30,"sweet","dessert","Andhra Pradesh","South"
"Gavvalu","salt","vegetarian",10,30,"sweet","dessert","Andhra Pradesh","South"
"Gavvalu","ghee","vegetarian",10,30,"sweet","dessert","Andhra Pradesh","South"
"Gavvalu","semolina","vegetarian",10,30,"sweet","dessert","Andhra Pradesh","South"
"Kakinada khaja","Wheat flour","vegetarian",10,30,"sweet","dessert","Andhra Pradesh","South"
"Kakinada khaja","sugar","vegetarian",10,30,"sweet","dessert","Andhra Pradesh","South"
"Kuzhi paniyaram","Black lentils","vegetarian",10,20,"sweet","dessert","Kerala","South"
"Kuzhi paniyaram","rice","vegetarian",10,20,"sweet","dessert","Kerala","South"
"Mysore pak","Besan flour","vegetarian",5,20,"sweet","dessert","Karnataka","South"
"Mysore pak","semolina","vegetarian",5,20,"sweet","dessert","Karnataka","South"
"Mysore pak","mung bean","vegetarian",5,20,"sweet","dessert","Karnataka","South"
"Mysore pak","jaggery","vegetarian",5,20,"sweet","dessert","Karnataka","South"
"Mysore pak","coconut","vegetarian",5,20,"sweet","dessert","Karnataka","South"
"Mysore pak","skimmed milk powder","vegetarian",5,20,"sweet","dessert","Karnataka","South"
"Mysore pak","sugar","vegetarian",5,20,"sweet","dessert","Karnataka","South"
"Mysore pak","ghee","vegetarian",5,20,"sweet","dessert","Karnataka","South"
"Obbattu holige","Maida flour","vegetarian",180,60,"sweet","main course","Karnataka","South"
"Obbattu holige","turmeric","vegetarian",180,60,"sweet","main course","Karnataka","South"
"Obbattu holige","coconut","vegetarian",180,60,"sweet","main course","Karnataka","South"
"Obbattu holige","chickpeas","vegetarian",180,60,"sweet","main course","Karnataka","South"
"Obbattu holige","jaggery","vegetarian",180,60,"sweet","main course","Karnataka","South"
"Obbattu holige","ghee","vegetarian",180,60,"sweet","main course","Karnataka","South"
"Obbattu holige","cardamom","vegetarian",180,60,"sweet","main course","Karnataka","South"
"Palathalikalu","Rice flour","vegetarian",10,25,"sweet","dessert","Andhra Pradesh","South"
"Palathalikalu","milk","vegetarian",10,25,"sweet","dessert","Andhra Pradesh","South"
"Poornalu","Chana dal","vegetarian",240,60,"sweet","dessert","Andhra Pradesh","South"
"Poornalu","jaggery","vegetarian",240,60,"sweet","dessert","Andhra Pradesh","South"
"Pongal","Rice","vegetarian",5,20,"sweet","dessert","Tamil Nadu","South"
"Pongal","jaggery","vegetarian",5,20,"sweet","dessert","Tamil Nadu","South"
"Pongal","cashews","vegetarian",5,20,"sweet","dessert","Tamil Nadu","South"
"Pongal","ghee","vegetarian",5,20,"sweet","dessert","Tamil Nadu","South"
"Pootharekulu","Rice flour","vegetarian",10,60,"sweet","dessert","Andhra Pradesh","South"
"Pootharekulu","powdered sugar","vegetarian",10,60,"sweet","dessert","Andhra Pradesh","South"
"Pootharekulu","ghee","vegetarian",10,60,"sweet","dessert","Andhra Pradesh","South"
"Qubani ka meetha","Apricots","vegetarian",10,20,"sweet","dessert","Telangana","South"
"Qubani ka meetha","sugar syrup","vegetarian",10,20,"sweet","dessert","Telangana","South"
"Sheer korma","Vermicelli pudding","vegetarian",10,20,"sweet","dessert","Telangana","South"
"Sheer korma","milk","vegetarian",10,20,"sweet","dessert","Telangana","South"
"Unni Appam","Rice flour","vegetarian",10,20,"sweet","dessert","Tamil Nadu","South"
"Unni Appam","banana","vegetarian",10,20,"sweet","dessert","Tamil Nadu","South"
"Unni Appam","jaggery","vegetarian",10,20,"sweet","dessert","Tamil Nadu","South"
"Unni Appam","coconut","vegetarian",10,20,"sweet","dessert","Tamil Nadu","South"
"Kajjikaya","Rice flour","vegetarian",40,15,"sweet","dessert","Andhra Pradesh","South"
"Kajjikaya","jaggery","vegetarian",40,15,"sweet","dessert","Andhra Pradesh","South"
"Kajjikaya","coconut","vegetarian",40,15,"sweet","dessert","Andhra Pradesh","South"
"Anarsa","Rice flour","vegetarian",10,50,"sweet","dessert","Maharashtra","West"
"Anarsa","jaggery","vegetarian",10,50,"sweet","dessert","Maharashtra","West"
"Anarsa","khus-khus seeds","vegetarian",10,50,"sweet","dessert","Maharashtra","West"
"Basundi","Sugar","vegetarian",10,35,"sweet","dessert","Gujarat","West"
"Basundi","milk","vegetarian",10,35,"sweet","dessert","Gujarat","West"
"Basundi","nuts","vegetarian",10,35,"sweet","dessert","Gujarat","West"
"Dhondas","Cucumber","vegetarian",10,50,"sweet","dessert","Maharashtra","West"
"Dhondas","rava","vegetarian",10,50,"sweet","dessert","Maharashtra","West"
"Doodhpak","Milk","vegetarian",10,60,"sweet","dessert","Gujarat","West"
"Doodhpak","rice","vegetarian",10,60,"sweet","dessert","Gujarat","West"
"Doodhpak","sugar","vegetarian",10,60,"sweet","dessert","Gujarat","West"
"Doodhpak","dry fruits","vegetarian",10,60,"sweet","dessert","Gujarat","West"
"Mahim halwa","Semolina","vegetarian",10,25,"sweet","dessert","Maharashtra","West"
"Mahim halwa","sugar","vegetarian",10,25,"sweet","dessert","Maharashtra","West"
"Modak","Rice flour","vegetarian",10,15,"sweet","dessert","Maharashtra","West"
"Modak","coconut","vegetarian",10,15,"sweet","dessert","Maharashtra","West"
"Modak","jaggery ","vegetarian",10,15,"sweet","dessert","Maharashtra","West"
"Shankarpali","Sugar","vegetarian",10,35,"sweet","dessert","Maharashtra","West"
"Shankarpali","ghee","vegetarian",10,35,"sweet","dessert","Maharashtra","West"
"Shankarpali","maida flour","vegetarian",10,35,"sweet","dessert","Maharashtra","West"
"Shankarpali","semolina","vegetarian",10,35,"sweet","dessert","Maharashtra","West"
"Shrikhand","Curd","vegetarian",10,720,"sweet","dessert","Maharashtra","West"
"Shrikhand","sugar","vegetarian",10,720,"sweet","dessert","Maharashtra","West"
"Shrikhand","saffron","vegetarian",10,720,"sweet","dessert","Maharashtra","West"
"Shrikhand","cardamom","vegetarian",10,720,"sweet","dessert","Maharashtra","West"
"Sutar feni","Maida","vegetarian",15,55,"sweet","dessert","Maharashtra","West"
"Sutar feni","sugar","vegetarian",15,55,"sweet","dessert","Maharashtra","West"
"Sutar feni","ghee","vegetarian",15,55,"sweet","dessert","Maharashtra","West"
"Maach Jhol","Fish","non vegetarian",10,40,"spicy","main course","Assam","North East"
"Maach Jhol","potol","non vegetarian",10,40,"spicy","main course","Assam","North East"
"Maach Jhol","tomato","non vegetarian",10,40,"spicy","main course","Assam","North East"
"Maach Jhol","chillies","non vegetarian",10,40,"spicy","main course","Assam","North East"
"Maach Jhol","ginger","non vegetarian",10,40,"spicy","main course","Assam","North East"
"Maach Jhol","garlic","non vegetarian",10,40,"spicy","main course","Assam","North East"
"Pork Bharta","Boiled pork","non vegetarian",-1,-1,"spicy","main course","Tripura","North East"
"Pork Bharta","onions","non vegetarian",-1,-1,"spicy","main course","Tripura","North East"
"Pork Bharta","chillies","non vegetarian",-1,-1,"spicy","main course","Tripura","North East"
"Pork Bharta","ginger and garlic","non vegetarian",-1,-1,"spicy","main course","Tripura","North East"
"Chak Hao Kheer","Rice","vegetarian",240,45,"sweet","dessert","Manipur","North East"
"Chak Hao Kheer","milk","vegetarian",240,45,"sweet","dessert","Manipur","North East"
"Chak Hao Kheer","sugar","vegetarian",240,45,"sweet","dessert","Manipur","North East"
"Chak Hao Kheer","cardamom","vegetarian",240,45,"sweet","dessert","Manipur","North East"
"Galho","Rice","non vegetarian",5,15,"spicy","main course","Nagaland","North East"
"Galho","axone","non vegetarian",5,15,"spicy","main course","Nagaland","North East"
"Galho","salt","non vegetarian",5,15,"spicy","main course","Nagaland","North East"
"Galho","water","non vegetarian",5,15,"spicy","main course","Nagaland","North East"
"Galho","chillies","non vegetarian",5,15,"spicy","main course","Nagaland","North East"
"Galho","pork","non vegetarian",5,15,"spicy","main course","Nagaland","North East"
"Aloo gobi","Cauliflower","vegetarian",10,20,"spicy","main course","Punjab","North"
"Aloo gobi","potato","vegetarian",10,20,"spicy","main course","Punjab","North"
"Aloo gobi","garam masala","vegetarian",10,20,"spicy","main course","Punjab","North"
"Aloo gobi","turmeric","vegetarian",10,20,"spicy","main course","Punjab","North"
"Aloo gobi","curry leaves","vegetarian",10,20,"spicy","main course","Punjab","North"
"Aloo tikki","Rice flour","vegetarian",5,20,"spicy","main course","Punjab","North"
"Aloo tikki","potato","vegetarian",5,20,"spicy","main course","Punjab","North"
"Aloo tikki","bread crumbs","vegetarian",5,20,"spicy","main course","Punjab","North"
"Aloo tikki","garam masala","vegetarian",5,20,"spicy","main course","Punjab","North"
"Aloo tikki","salt","vegetarian",5,20,"spicy","main course","Punjab","North"
"Aloo matar","Potato","vegetarian",5,40,"spicy","main course","Punjab","North"
"Aloo matar","peas","vegetarian",5,40,"spicy","main course","Punjab","North"
"Aloo matar","chillies","vegetarian",5,40,"spicy","main course","Punjab","North"
"Aloo matar","ginger","vegetarian",5,40,"spicy","main course","Punjab","North"
"Aloo matar","garam masala","vegetarian",5,40,"spicy","main course","Punjab","North"
"Aloo matar","garlic","vegetarian",5,40,"spicy","main course","Punjab","North"
"Aloo methi","Potato","vegetarian",10,40,"bitter","main course","Punjab","North"
"Aloo methi","fenugreek leaves","vegetarian",10,40,"bitter","main course","Punjab","North"
"Aloo methi","chillies","vegetarian",10,40,"bitter","main course","Punjab","North"
"Aloo methi","salt","vegetarian",10,40,"bitter","main course","Punjab","North"
"Aloo methi","oil","vegetarian",10,40,"bitter","main course","Punjab","North"
"Aloo shimla mirch","Potato","vegetarian",10,40,"spicy","main course","Punjab","North"
"Aloo shimla mirch","shimla mirch","vegetarian",10,40,"spicy","main course","Punjab","North"
"Aloo shimla mirch","garam masala","vegetarian",10,40,"spicy","main course","Punjab","North"
"Aloo shimla mirch","amchur powder","vegetarian",10,40,"spicy","main course","Punjab","North"
"Aloo shimla mirch","salt","vegetarian",10,40,"spicy","main course","Punjab","North"
"Bhatura","Chole","vegetarian",20,20,"spicy","main course","Punjab","North"
"Bhatura","rava","vegetarian",20,20,"spicy","main course","Punjab","North"
"Bhatura","yogurt","vegetarian",20,20,"spicy","main course","Punjab","North"
"Bhatura","plain flour","vegetarian",20,20,"spicy","main course","Punjab","North"
"Bhatura","baking soda","vegetarian",20,20,"spicy","main course","Punjab","North"
"Bhindi masala","Ladies finger","vegetarian",20,30,"spicy","main course","Punjab","North"
"Bhindi masala","garam masala","vegetarian",20,30,"spicy","main course","Punjab","North"
"Bhindi masala","kasuri methi","vegetarian",20,30,"spicy","main course","Punjab","North"
"Bhindi masala","tomatoes","vegetarian",20,30,"spicy","main course","Punjab","North"
"Bhindi masala","chili powder","vegetarian",20,30,"spicy","main course","Punjab","North"
"Biryani","Chicken thighs","non vegetarian",30,120,"spicy","main course","Telangana","South"
"Biryani","basmati rice","non vegetarian",30,120,"spicy","main course","Telangana","South"
"Biryani","star anise","non vegetarian",30,120,"spicy","main course","Telangana","South"
"Biryani","sweet","non vegetarian",30,120,"spicy","main course","Telangana","South"
"Biryani","green chillies","non vegetarian",30,120,"spicy","main course","Telangana","South"
"Butter chicken","Chicken","non vegetarian",10,35,"spicy","main course","NCT of Delhi","North"
"Butter chicken","greek yogurt","non vegetarian",10,35,"spicy","main course","NCT of Delhi","North"
"Butter chicken","cream","non vegetarian",10,35,"spicy","main course","NCT of Delhi","North"
"Butter chicken","garam masala powder","non vegetarian",10,35,"spicy","main course","NCT of Delhi","North"
"Butter chicken","cashew nuts","non vegetarian",10,35,"spicy","main course","NCT of Delhi","North"
"Butter chicken","butter","non vegetarian",10,35,"spicy","main course","NCT of Delhi","North"
"Chana masala","Chickpeas","vegetarian",20,30,"spicy","main course","Punjab","North"
"Chana masala","tomato paste","vegetarian",20,30,"spicy","main course","Punjab","North"
"Chana masala","garam masala","vegetarian",20,30,"spicy","main course","Punjab","North"
"Chana masala","ginger","vegetarian",20,30,"spicy","main course","Punjab","North"
"Chana masala","red onion","vegetarian",20,30,"spicy","main course","Punjab","North"
"Chana masala","avocado oil","vegetarian",20,30,"spicy","main course","Punjab","North"
"Chapati","Whole wheat flour","vegetarian",10,10,"-1","main course","Maharashtra","West"
"Chapati","olive oil","vegetarian",10,10,"-1","main course","Maharashtra","West"
"Chapati","hot water","vegetarian",10,10,"-1","main course","Maharashtra","West"
"Chapati","all purpose flour","vegetarian",10,10,"-1","main course","Maharashtra","West"
"Chicken razala","Chicken","non vegetarian",10,35,"spicy","main course","West Bengal","East"
"Chicken razala","dahi","non vegetarian",10,35,"spicy","main course","West Bengal","East"
"Chicken razala","sesame seeds","non vegetarian",10,35,"spicy","main course","West Bengal","East"
"Chicken razala","garam masala powder","non vegetarian",10,35,"spicy","main course","West Bengal","East"
"Chicken razala","cashew nuts","non vegetarian",10,35,"spicy","main course","West Bengal","East"
"Chicken razala","saffron","non vegetarian",10,35,"spicy","main course","West Bengal","East"
"Chicken Tikka masala","Naan bread","non vegetarian",10,50,"spicy","main course","Punjab","North"
"Chicken Tikka masala","tomato sauce","non vegetarian",10,50,"spicy","main course","Punjab","North"
"Chicken Tikka masala","skinless chicken breasts","non vegetarian",10,50,"spicy","main course","Punjab","North"
"Chicken Tikka masala","heavy cream","non vegetarian",10,50,"spicy","main course","Punjab","North"
"Chicken Tikka masala","garam masala","non vegetarian",10,50,"spicy","main course","Punjab","North"
"Chicken Tikka","Chicken","non vegetarian",120,45,"spicy","starter","Punjab","North"
"Chicken Tikka","whole wheat bread","non vegetarian",120,45,"spicy","starter","Punjab","North"
"Chicken Tikka","rice flour","non vegetarian",120,45,"spicy","starter","Punjab","North"
"Chicken Tikka","garam masala powder","non vegetarian",120,45,"spicy","starter","Punjab","North"
"Chicken Tikka","whole egg","non vegetarian",120,45,"spicy","starter","Punjab","North"
"Chole bhature","Chole","vegetarian",20,30,"spicy","main course","Punjab","North"
"Chole bhature","bhatura","vegetarian",20,30,"spicy","main course","Punjab","North"
"Chole bhature","garam masala","vegetarian",20,30,"spicy","main course","Punjab","North"
"Chole bhature","bay leaf","vegetarian",20,30,"spicy","main course","Punjab","North"
"Chole bhature","cinnamon stick","vegetarian",20,30,"spicy","main course","Punjab","North"
"Daal baati churma","Moong dal","vegetarian",10,90,"spicy","main course","Rajasthan","West"
"Daal baati churma","masoor dal","vegetarian",10,90,"spicy","main course","Rajasthan","West"
"Daal baati churma","chana dal","vegetarian",10,90,"spicy","main course","Rajasthan","West"
"Daal baati churma","wheat flour","vegetarian",10,90,"spicy","main course","Rajasthan","West"
"Daal baati churma","almond","vegetarian",10,90,"spicy","main course","Rajasthan","West"
"Daal puri","Moong dal","vegetarian",30,30,"spicy","main course","West Bengal","East"
"Daal puri","garam masala powder","vegetarian",30,30,"spicy","main course","West Bengal","East"
"Daal puri","garlic","vegetarian",30,30,"spicy","main course","West Bengal","East"
"Daal puri","green chilli","vegetarian",30,30,"spicy","main course","West Bengal","East"
"Daal puri","all purpose flour","vegetarian",30,30,"spicy","main course","West Bengal","East"
"Dal makhani ","Red kidney beans","vegetarian",10,60,"sweet","main course","Punjab","North"
"Dal makhani ","urad dal","vegetarian",10,60,"sweet","main course","Punjab","North"
"Dal makhani ","cream","vegetarian",10,60,"sweet","main course","Punjab","North"
"Dal makhani ","garam masala","vegetarian",10,60,"sweet","main course","Punjab","North"
"Dal makhani ","chili powder","vegetarian",10,60,"sweet","main course","Punjab","North"
"Dal tadka","Pigeon peas","vegetarian",10,30,"spicy","main course","Punjab","North"
"Dal tadka","garam masala","vegetarian",10,30,"spicy","main course","Punjab","North"
"Dal tadka","ginger","vegetarian",10,30,"spicy","main course","Punjab","North"
"Dal tadka","red onion","vegetarian",10,30,"spicy","main course","Punjab","North"
"Dal tadka","kasuri methi","vegetarian",10,30,"spicy","main course","Punjab","North"
"Dum aloo","Baby potatoes","vegetarian",20,50,"spicy","main course","Jammu & Kashmir","North"
"Dum aloo","garam masala","vegetarian",20,50,"spicy","main course","Jammu & Kashmir","North"
"Dum aloo","cashew nuts","vegetarian",20,50,"spicy","main course","Jammu & Kashmir","North"
"Dum aloo","kasuri methi","vegetarian",20,50,"spicy","main course","Jammu & Kashmir","North"
"Dum aloo","tomatoes","vegetarian",20,50,"spicy","main course","Jammu & Kashmir","North"
"Poha","Beaten rice flakes","vegetarian",20,30,"spicy","snack","Maharashtra","West"
"Poha","potato","vegetarian",20,30,"spicy","snack","Maharashtra","West"
"Poha","curry leaves","vegetarian",20,30,"spicy","snack","Maharashtra","West"
"Poha","green chilies","vegetarian",20,30,"spicy","snack","Maharashtra","West"
"Poha","lemon juice","vegetarian",20,30,"spicy","snack","Maharashtra","West"
"Fara","Chana dal","vegetarian",10,60,"spicy","snack","Chhattisgarh","Central"
"Fara","whole wheat flour","vegetarian",10,60,"spicy","snack","Chhattisgarh","Central"
"Fara","arhar dal","vegetarian",10,60,"spicy","snack","Chhattisgarh","Central"
"Fara","white urad dal","vegetarian",10,60,"spicy","snack","Chhattisgarh","Central"
"Fara","garam masala powder","vegetarian",10,60,"spicy","snack","Chhattisgarh","Central"
"Kachori","Moong dal","vegetarian",30,60,"spicy","snack","Uttar Pradesh","North"
"Kachori","rava","vegetarian",30,60,"spicy","snack","Uttar Pradesh","North"
"Kachori","garam masala","vegetarian",30,60,"spicy","snack","Uttar Pradesh","North"
"Kachori","dough","vegetarian",30,60,"spicy","snack","Uttar Pradesh","North"
"Kachori","fennel seeds","vegetarian",30,60,"spicy","snack","Uttar Pradesh","North"
"Kadai paneer","Cottage cheese","vegetarian",20,30,"spicy","main course","Punjab","North"
"Kadai paneer","bell peppers","vegetarian",20,30,"spicy","main course","Punjab","North"
"Kadai paneer","gravy","vegetarian",20,30,"spicy","main course","Punjab","North"
"Kadai paneer","garam masala","vegetarian",20,30,"spicy","main course","Punjab","North"
"Kadai paneer","cashew nuts","vegetarian",20,30,"spicy","main course","Punjab","North"
"Kadhi pakoda","Besan","vegetarian",10,60,"spicy","main course","Haryana","North"
"Kadhi pakoda","garam masala powder","vegetarian",10,60,"spicy","main course","Haryana","North"
"Kadhi pakoda","gram flour","vegetarian",10,60,"spicy","main course","Haryana","North"
"Kadhi pakoda","ginger","vegetarian",10,60,"spicy","main course","Haryana","North"
"Kadhi pakoda","curry leaves","vegetarian",10,60,"spicy","main course","Haryana","North"
"Karela bharta","Bitter gourd","vegetarian",20,50,"bitter","main course","Punjab","North"
"Karela bharta","fennel","vegetarian",20,50,"bitter","main course","Punjab","North"
"Karela bharta","garam masala powder","vegetarian",20,50,"bitter","main course","Punjab","North"
"Karela bharta","chili powder","vegetarian",20,50,"bitter","main course","Punjab","North"
"Karela bharta","amchur powder","vegetarian",20,50,"bitter","main course","Punjab","North"
"Khichdi","Moong dal","vegetarian",40,20,"spicy","main course","-1","-1"
"Khichdi","green peas","vegetarian",40,20,"spicy","main course","-1","-1"
"Khichdi","ginger","vegetarian",40,20,"spicy","main course","-1","-1"
"Khichdi","tomato","vegetarian",40,20,"spicy","main course","-1","-1"
"Khichdi","green chili","vegetarian",40,20,"spicy","main course","-1","-1"
"Kofta","Paneer","vegetarian",20,40,"spicy","main course","Uttar Pradesh","North"
"Kofta","potato","vegetarian",20,40,"spicy","main course","Uttar Pradesh","North"
"Kofta","cream","vegetarian",20,40,"spicy","main course","Uttar Pradesh","North"
"Kofta","corn flour","vegetarian",20,40,"spicy","main course","Uttar Pradesh","North"
"Kofta","garam masala","vegetarian",20,40,"spicy","main course","Uttar Pradesh","North"
"Kulfi falooda","Rose syrup","vegetarian",45,25,"sweet","dessert","-1","-1"
"Kulfi falooda","falooda sev","vegetarian",45,25,"sweet","dessert","-1","-1"
"Kulfi falooda","mixed nuts","vegetarian",45,25,"sweet","dessert","-1","-1"
"Kulfi falooda","saffron","vegetarian",45,25,"sweet","dessert","-1","-1"
"Kulfi falooda","sugar","vegetarian",45,25,"sweet","dessert","-1","-1"
"Lauki ke kofte","Bottle gourd","vegetarian",20,40,"spicy","main course","Uttar Pradesh","North"
"Lauki ke kofte","garam masala powder","vegetarian",20,40,"spicy","main course","Uttar Pradesh","North"
"Lauki ke kofte","gram flour","vegetarian",20,40,"spicy","main course","Uttar Pradesh","North"
"Lauki ke kofte","ginger","vegetarian",20,40,"spicy","main course","Uttar Pradesh","North"
"Lauki ke kofte","chillies","vegetarian",20,40,"spicy","main course","Uttar Pradesh","North"
"Lauki ki subji","Bottle gourd","vegetarian",10,20,"spicy","main course","-1","-1"
"Lauki ki subji","coconut oil","vegetarian",10,20,"spicy","main course","-1","-1"
"Lauki ki subji","garam masala","vegetarian",10,20,"spicy","main course","-1","-1"
"Lauki ki subji","ginger","vegetarian",10,20,"spicy","main course","-1","-1"
"Lauki ki subji","green chillies","vegetarian",10,20,"spicy","main course","-1","-1"
"Litti chokha","Wheat flour","vegetarian",45,60,"spicy","main course","Bihar","North"
"Litti chokha","roasted gram flour","vegetarian",45,60,"spicy","main course","Bihar","North"
"Litti chokha","tomato","vegetarian",45,60,"spicy","main course","Bihar","North"
"Litti chokha","nigella seeds","vegetarian",45,60,"spicy","main course","Bihar","North"
"Litti chokha","chilli","vegetarian",45,60,"spicy","main course","Bihar","North"
"Makki di roti sarson da saag","Palak","vegetarian",25,30,"spicy","main course","Punjab","North"
"Makki di roti sarson da saag","makki atta","vegetarian",25,30,"spicy","main course","Punjab","North"
"Makki di roti sarson da saag","mustard green","vegetarian",25,30,"spicy","main course","Punjab","North"
"Makki di roti sarson da saag","garam masala","vegetarian",25,30,"spicy","main course","Punjab","North"
"Makki di roti sarson da saag","ginger","vegetarian",25,30,"spicy","main course","Punjab","North"
"Misi roti","Whole wheat flour","vegetarian",30,30,"spicy","main course","Punjab","North"
"Misi roti","chickpea flour","vegetarian",30,30,"spicy","main course","Punjab","North"
"Misi roti","green chilies","vegetarian",30,30,"spicy","main course","Punjab","North"
"Mushroom do pyaza","Mushroom","vegetarian",10,30,"spicy","main course","Punjab","North"
"Mushroom do pyaza","malai","vegetarian",10,30,"spicy","main course","Punjab","North"
"Mushroom do pyaza","garam masala","vegetarian",10,30,"spicy","main course","Punjab","North"
"Mushroom do pyaza","ginger","vegetarian",10,30,"spicy","main course","Punjab","North"
"Mushroom do pyaza","capsicum","vegetarian",10,30,"spicy","main course","Punjab","North"
"Mushroom matar","Canned coconut milk","vegetarian",10,30,"spicy","main course","Punjab","North"
"Mushroom matar","frozen green peas","vegetarian",10,30,"spicy","main course","Punjab","North"
"Mushroom matar","wild mushrooms","vegetarian",10,30,"spicy","main course","Punjab","North"
"Mushroom matar","garam masala","vegetarian",10,30,"spicy","main course","Punjab","North"
"Mushroom matar","tomatoes","vegetarian",10,30,"spicy","main course","Punjab","North"
"Naan","Whole wheat flour","vegetarian",60,30,"-1","main course","Punjab","North"
"Naan","honey","vegetarian",60,30,"-1","main course","Punjab","North"
"Naan","butter","vegetarian",60,30,"-1","main course","Punjab","North"
"Naan","garlic","vegetarian",60,30,"-1","main course","Punjab","North"
"Navrattan korma","Green beans","vegetarian",25,40,"spicy","main course","Uttar Pradesh","North"
"Navrattan korma","potatoes","vegetarian",25,40,"spicy","main course","Uttar Pradesh","North"
"Navrattan korma","khus khus","vegetarian",25,40,"spicy","main course","Uttar Pradesh","North"
"Navrattan korma","low fat","vegetarian",25,40,"spicy","main course","Uttar Pradesh","North"
"Navrattan korma","garam masala powder","vegetarian",25,40,"spicy","main course","Uttar Pradesh","North"
"Palak paneer","Cottage cheese","vegetarian",20,40,"spicy","main course","Punjab","North"
"Palak paneer","palak","vegetarian",20,40,"spicy","main course","Punjab","North"
"Palak paneer","cream","vegetarian",20,40,"spicy","main course","Punjab","North"
"Palak paneer","garam masala","vegetarian",20,40,"spicy","main course","Punjab","North"
"Palak paneer","butter","vegetarian",20,40,"spicy","main course","Punjab","North"
"Paneer butter masala","Paneer","vegetarian",20,40,"spicy","main course","Punjab","North"
"Paneer butter masala","whipping cream","vegetarian",20,40,"spicy","main course","Punjab","North"
"Paneer butter masala","garam masala","vegetarian",20,40,"spicy","main course","Punjab","North"
"Paneer butter masala","cashew nuts","vegetarian",20,40,"spicy","main course","Punjab","North"
"Paneer butter masala","butter","vegetarian",20,40,"spicy","main course","Punjab","North"
"Paneer tikka masala","Paneer","vegetarian",20,40,"spicy","main course","Punjab","North"
"Paneer tikka masala","greek yogurt","vegetarian",20,40,"spicy","main course","Punjab","North"
"Paneer tikka masala","tandoori masala","vegetarian",20,40,"spicy","main course","Punjab","North"
"Paneer tikka masala","cream","vegetarian",20,40,"spicy","main course","Punjab","North"
"Paneer tikka masala","bell pepper","vegetarian",20,40,"spicy","main course","Punjab","North"
"Pani puri","Kala chana","vegetarian",15,2,"spicy","snack","-1","-1"
"Pani puri","mashed potato","vegetarian",15,2,"spicy","snack","-1","-1"
"Pani puri","boondi","vegetarian",15,2,"spicy","snack","-1","-1"
"Pani puri","sev","vegetarian",15,2,"spicy","snack","-1","-1"
"Pani puri","lemon","vegetarian",15,2,"spicy","snack","-1","-1"
"Panjeeri","Whole wheat flour","vegetarian",10,25,"sweet","dessert","Uttar Pradesh",""
"Panjeeri","musk melon seeds","vegetarian",10,25,"sweet","dessert","Uttar Pradesh",""
"Panjeeri","poppy seeds","vegetarian",10,25,"sweet","dessert","Uttar Pradesh",""
"Panjeeri","edible gum","vegetarian",10,25,"sweet","dessert","Uttar Pradesh",""
"Panjeeri","semolina","vegetarian",10,25,"sweet","dessert","Uttar Pradesh",""
"Papad","Urad dal","vegetarian",5,5,"spicy","snack","-1","-1"
"Papad","sev","vegetarian",5,5,"spicy","snack","-1","-1"
"Papad","lemon juice","vegetarian",5,5,"spicy","snack","-1","-1"
"Papad","chopped tomatoes","vegetarian",5,5,"spicy","snack","-1","-1"
"Paratha","Wheat flour","vegetarian",15,45,"spicy","main course","Punjab","North"
"Paratha","butter","vegetarian",15,45,"spicy","main course","Punjab","North"
"Paratha","potato","vegetarian",15,45,"spicy","main course","Punjab","North"
"Paratha","coriander","vegetarian",15,45,"spicy","main course","Punjab","North"
"Pattor","Arbi ke patte","vegetarian",10,30,"spicy","main course","Rajasthan","West"
"Pattor","sesame seeds","vegetarian",10,30,"spicy","main course","Rajasthan","West"
"Pattor","gur","vegetarian",10,30,"spicy","main course","Rajasthan","West"
"Pattor","bengal gram flour","vegetarian",10,30,"spicy","main course","Rajasthan","West"
"Pattor","imli","vegetarian",10,30,"spicy","main course","Rajasthan","West"
"Pindi chana","Fennel","vegetarian",500,120,"spicy","main course","Punjab","North"
"Pindi chana","tea bags","vegetarian",500,120,"spicy","main course","Punjab","North"
"Pindi chana","tomato","vegetarian",500,120,"spicy","main course","Punjab","North"
"Pindi chana","kasuri methi","vegetarian",500,120,"spicy","main course","Punjab","North"
"Pindi chana","cinnamon","vegetarian",500,120,"spicy","main course","Punjab","North"
"Rajma chaval","Red kidney beans","vegetarian",15,90,"spicy","main course","-1","North"
"Rajma chaval","garam masala powder","vegetarian",15,90,"spicy","main course","-1","North"
"Rajma chaval","ginger","vegetarian",15,90,"spicy","main course","-1","North"
"Rajma chaval","tomato","vegetarian",15,90,"spicy","main course","-1","North"
"Rajma chaval","mustard oil","vegetarian",15,90,"spicy","main course","-1","North"
"Rongi","Garam masala powder","vegetarian",10,30,"-1","main course","Punjab","North"
"Rongi","tomato","vegetarian",10,30,"-1","main course","Punjab","North"
"Rongi","kasuri methi","vegetarian",10,30,"-1","main course","Punjab","North"
"Rongi","cinnamon","vegetarian",10,30,"-1","main course","Punjab","North"
"Rongi","mustard oil","vegetarian",10,30,"-1","main course","Punjab","North"
"Samosa","Potatoes","vegetarian",30,30,"spicy","snack","-1","-1"
"Samosa","green peas","vegetarian",30,30,"spicy","snack","-1","-1"
"Samosa","garam masala","vegetarian",30,30,"spicy","snack","-1","-1"
"Samosa","ginger","vegetarian",30,30,"spicy","snack","-1","-1"
"Samosa","dough","vegetarian",30,30,"spicy","snack","-1","-1"
"Sattu ki roti","Sattu","vegetarian",10,20,"spicy","main course","Bihar","North"
"Sattu ki roti","atta","vegetarian",10,20,"spicy","main course","Bihar","North"
"Sattu ki roti","dough","vegetarian",10,20,"spicy","main course","Bihar","North"
"Sattu ki roti","filling","vegetarian",10,20,"spicy","main course","Bihar","North"
"Sattu ki roti","mustard oil","vegetarian",10,20,"spicy","main course","Bihar","North"
"Shahi paneer","Cottage cheese","vegetarian",20,40,"spicy","main course","Punjab","North"
"Shahi paneer","malai","vegetarian",20,40,"spicy","main course","Punjab","North"
"Shahi paneer","garam masala","vegetarian",20,40,"spicy","main course","Punjab","North"
"Shahi paneer","ginger","vegetarian",20,40,"spicy","main course","Punjab","North"
"Shahi paneer","tomato","vegetarian",20,40,"spicy","main course","Punjab","North"
"Shahi tukra","Rose water","vegetarian",10,30,"sweet","dessert","Telangana","South"
"Shahi tukra","milk","vegetarian",10,30,"sweet","dessert","Telangana","South"
"Shahi tukra","white bread slices","vegetarian",10,30,"sweet","dessert","Telangana","South"
"Shahi tukra","saffron","vegetarian",10,30,"sweet","dessert","Telangana","South"
"Shahi tukra","almonds","vegetarian",10,30,"sweet","dessert","Telangana","South"
"Vegetable jalfrezi","Baby corn","vegetarian",10,30,"spicy","main course","Punjab","North"
"Vegetable jalfrezi","french beans","vegetarian",10,30,"spicy","main course","Punjab","North"
"Vegetable jalfrezi","garam masala","vegetarian",10,30,"spicy","main course","Punjab","North"
"Vegetable jalfrezi","ginger","vegetarian",10,30,"spicy","main course","Punjab","North"
"Vegetable jalfrezi","carrot","vegetarian",10,30,"spicy","main course","Punjab","North"
"Tandoori Chicken","Greek yogurt","non vegetarian",240,30,"spicy","main course","Punjab","North"
"Tandoori Chicken","garam masala","non vegetarian",240,30,"spicy","main course","Punjab","North"
"Tandoori Chicken","kasuri methi","non vegetarian",240,30,"spicy","main course","Punjab","North"
"Tandoori Chicken","marinade","non vegetarian",240,30,"spicy","main course","Punjab","North"
"Tandoori Chicken","mustard oil","non vegetarian",240,30,"spicy","main course","Punjab","North"
"Tandoori Fish Tikka","Chickpea flour","non vegetarian",240,30,"spicy","starter","Punjab","North"
"Tandoori Fish Tikka","biryani masala powder","non vegetarian",240,30,"spicy","starter","Punjab","North"
"Tandoori Fish Tikka","yogurt","non vegetarian",240,30,"spicy","starter","Punjab","North"
"Tandoori Fish Tikka","fish fillets","non vegetarian",240,30,"spicy","starter","Punjab","North"
"Tandoori Fish Tikka","green bell pepper","non vegetarian",240,30,"spicy","starter","Punjab","North"
"Attu","Whole wheat flour","vegetarian",150,25,"spicy","snack","Andhra Pradesh","South"
"Attu","arhar dal","vegetarian",150,25,"spicy","snack","Andhra Pradesh","South"
"Attu","ginger","vegetarian",150,25,"spicy","snack","Andhra Pradesh","South"
"Attu","kala jeera","vegetarian",150,25,"spicy","snack","Andhra Pradesh","South"
"Attu","green chilli","vegetarian",150,25,"spicy","snack","Andhra Pradesh","South"
"Avial","Raw banana","vegetarian",30,45,"spicy","main course","Kerala","South"
"Avial","elephant foot yam","vegetarian",30,45,"spicy","main course","Kerala","South"
"Avial","long beans","vegetarian",30,45,"spicy","main course","Kerala","South"
"Avial","tindora","vegetarian",30,45,"spicy","main course","Kerala","South"
"Avial","urad dal","vegetarian",30,45,"spicy","main course","Kerala","South"
"Bisi bele bath","Split pigeon peas","vegetarian",30,45,"spicy","main course","Karnataka","South"
"Bisi bele bath","chana dal","vegetarian",30,45,"spicy","main course","Karnataka","South"
"Bisi bele bath","urad dal","vegetarian",30,45,"spicy","main course","Karnataka","South"
"Bisi bele bath","green peas","vegetarian",30,45,"spicy","main course","Karnataka","South"
"Bisi bele bath","french beans","vegetarian",30,45,"spicy","main course","Karnataka","South"
"Currivepillai sadam ","Chana dal","vegetarian",10,20,"spicy","main course","Tamil Nadu","South"
"Currivepillai sadam ","urad dal","vegetarian",10,20,"spicy","main course","Tamil Nadu","South"
"Currivepillai sadam ","fresh coconut","vegetarian",10,20,"spicy","main course","Tamil Nadu","South"
"Currivepillai sadam ","sesame seeds","vegetarian",10,20,"spicy","main course","Tamil Nadu","South"
"Currivepillai sadam ","curry leaves","vegetarian",10,20,"spicy","main course","Tamil Nadu","South"
"Dosa","Chana dal","vegetarian",360,90,"spicy","snack","-1","South"
"Dosa","urad dal","vegetarian",360,90,"spicy","snack","-1","South"
"Dosa","whole urad dal","vegetarian",360,90,"spicy","snack","-1","South"
"Dosa","blend rice","vegetarian",360,90,"spicy","snack","-1","South"
"Dosa","rock salt","vegetarian",360,90,"spicy","snack","-1","South"
"Idiappam","Rice flour","vegetarian",120,30,"spicy","snack","Tamil Nadu","South"
"Idiappam","hot water","vegetarian",120,30,"spicy","snack","Tamil Nadu","South"
"Idiappam","grated coconut","vegetarian",120,30,"spicy","snack","Tamil Nadu","South"
"Idli","Split urad dal","vegetarian",360,90,"spicy","snack","-1","South"
"Idli","urad dal","vegetarian",360,90,"spicy","snack","-1","South"
"Idli","idli rice","vegetarian",360,90,"spicy","snack","-1","South"
"Idli","thick poha","vegetarian",360,90,"spicy","snack","-1","South"
"Idli","rock salt","vegetarian",360,90,"spicy","snack","-1","South"
"Kanji","Carrot","vegetarian",10,45,"-1","snack","Kerala","South"
"Kanji","yellow mustard","vegetarian",10,45,"-1","snack","Kerala","South"
"Kanji","red chilli","vegetarian",10,45,"-1","snack","Kerala","South"
"Kanji","black salt","vegetarian",10,45,"-1","snack","Kerala","South"
"Kaara kozhambu","Sesame oil","vegetarian",-1,-1,"spicy","main course","Tamil Nadu","South"
"Kaara kozhambu","drumstick","vegetarian",-1,-1,"spicy","main course","Tamil Nadu","South"
"Kaara kozhambu","tamarind paste","vegetarian",-1,-1,"spicy","main course","Tamil Nadu","South"
"Kaara kozhambu","sambar powder","vegetarian",-1,-1,"spicy","main course","Tamil Nadu","South"
"Kaara kozhambu","tomato","vegetarian",-1,-1,"spicy","main course","Tamil Nadu","South"
"Keerai kootu","Moong dal","vegetarian",20,30,"spicy","main course","Tamil Nadu","South"
"Keerai kootu","chana dal","vegetarian",20,30,"spicy","main course","Tamil Nadu","South"
"Keerai kootu","spinach","vegetarian",20,30,"spicy","main course","Tamil Nadu","South"
"Keerai kootu","urad dal","vegetarian",20,30,"spicy","main course","Tamil Nadu","South"
"Keerai kootu","coconut oil","vegetarian",20,30,"spicy","main course","Tamil Nadu","South"
"Keerai masiyal","Urad dal","vegetarian",-1,-1,"spicy","main course","Tamil Nadu","South"
"Keerai masiyal","curry leaves","vegetarian",-1,-1,"spicy","main course","Tamil Nadu","South"
"Keerai masiyal","sugar","vegetarian",-1,-1,"spicy","main course","Tamil Nadu","South"
"Keerai masiyal","mustard seeds","vegetarian",-1,-1,"spicy","main course","Tamil Nadu","South"
"Keerai masiyal","spinach","vegetarian",-1,-1,"spicy","main course","Tamil Nadu","South"
"Keerai sadam","Greens","vegetarian",10,20,"spicy","main course","Tamil Nadu","South"
"Keerai sadam","tomato","vegetarian",10,20,"spicy","main course","Tamil Nadu","South"
"Keerai sadam","mustard seeds","vegetarian",10,20,"spicy","main course","Tamil Nadu","South"
"Keerai sadam","fenugreek seeds","vegetarian",10,20,"spicy","main course","Tamil Nadu","South"
"Keerai poriyal","Amaranth leaves","vegetarian",20,30,"spicy","main course","Tamil Nadu","South"
"Keerai poriyal","split urad dal","vegetarian",20,30,"spicy","main course","Tamil Nadu","South"
"Keerai poriyal","mustard seeds","vegetarian",20,30,"spicy","main course","Tamil Nadu","South"
"Keerai poriyal","grated coconut","vegetarian",20,30,"spicy","main course","Tamil Nadu","South"
"Keerai poriyal","red chili","vegetarian",20,30,"spicy","main course","Tamil Nadu","South"
"Beef Fry","Beef","non vegetarian",10,60,"spicy","main course","Kerala","South"
"Beef Fry","coconut","non vegetarian",10,60,"spicy","main course","Kerala","South"
"Beef Fry","garam masala","non vegetarian",10,60,"spicy","main course","Kerala","South"
"Beef Fry","curry leaves","non vegetarian",10,60,"spicy","main course","Kerala","South"
"Beef Fry","green chilies","non vegetarian",10,60,"spicy","main course","Kerala","South"
"Beef Fry","chili powder","non vegetarian",10,60,"spicy","main course","Kerala","South"
"Kootu","Chana dal","vegetarian",10,15,"spicy","main course","Tamil Nadu","South"
"Kootu","urad dal","vegetarian",10,15,"spicy","main course","Tamil Nadu","South"
"Kootu","potato","vegetarian",10,15,"spicy","main course","Tamil Nadu","South"
"Kootu","beans","vegetarian",10,15,"spicy","main course","Tamil Nadu","South"
"Kootu","peas","vegetarian",10,15,"spicy","main course","Tamil Nadu","South"
"Kos kootu","Moong dal","vegetarian",10,20,"spicy","main course","Tamil Nadu","South"
"Kos kootu","chana dal","vegetarian",10,20,"spicy","main course","Tamil Nadu","South"
"Kos kootu","cabbage","vegetarian",10,20,"spicy","main course","Tamil Nadu","South"
"Kos kootu","tamarind","vegetarian",10,20,"spicy","main course","Tamil Nadu","South"
"Kos kootu","curry leaves","vegetarian",10,20,"spicy","main course","Tamil Nadu","South"
"Koshambri","Moong dal","vegetarian",10,20,"spicy","main course","Karnataka","South"
"Koshambri","cucumber","vegetarian",10,20,"spicy","main course","Karnataka","South"
"Koshambri","curry leaves","vegetarian",10,20,"spicy","main course","Karnataka","South"
"Koshambri","green chili","vegetarian",10,20,"spicy","main course","Karnataka","South"
"Koshambri","lemon juice","vegetarian",10,20,"spicy","main course","Karnataka","South"
"Kothamali sadam","Chana dal","vegetarian",10,20,"spicy","main course","Tamil Nadu","South"
"Kothamali sadam","urad dal","vegetarian",10,20,"spicy","main course","Tamil Nadu","South"
"Kothamali sadam","gooseberry","vegetarian",10,20,"spicy","main course","Tamil Nadu","South"
"Kothamali sadam","raw rice","vegetarian",10,20,"spicy","main course","Tamil Nadu","South"
"Kothamali sadam","curry leaves","vegetarian",10,20,"spicy","main course","Tamil Nadu","South"
"Kuzhakkattai","Sesame oil","vegetarian",10,90,"spicy","main course","Tamil Nadu","South"
"Kuzhakkattai","raw rice","vegetarian",10,90,"spicy","main course","Tamil Nadu","South"
"Kuzhakkattai","jaggery","vegetarian",10,90,"spicy","main course","Tamil Nadu","South"
"Kuzhakkattai","grated coconut","vegetarian",10,90,"spicy","main course","Tamil Nadu","South"
"Kuzhambu","Pearl onions","vegetarian",5,30,"spicy","main course","Tamil Nadu","South"
"Kuzhambu","urad dal","vegetarian",5,30,"spicy","main course","Tamil Nadu","South"
"Kuzhambu","drumsticks","vegetarian",5,30,"spicy","main course","Tamil Nadu","South"
"Kuzhambu","tomato","vegetarian",5,30,"spicy","main course","Tamil Nadu","South"
"Kuzhambu","curry leaves","vegetarian",5,30,"spicy","main course","Tamil Nadu","South"
"Masala Dosa","Chana dal","vegetarian",360,90,"spicy","snack","-1","South"
"Masala Dosa","urad dal","vegetarian",360,90,"spicy","snack","-1","South"
"Masala Dosa","potatoes","vegetarian",360,90,"spicy","snack","-1","South"
"Masala Dosa","idli rice","vegetarian",360,90,"spicy","snack","-1","South"
"Masala Dosa","thick poha","vegetarian",360,90,"spicy","snack","-1","South"
"Pachadi","Coconut oil","vegetarian",10,25,"-1","main course","-1","South"
"Pachadi","cucumber","vegetarian",10,25,"-1","main course","-1","South"
"Pachadi","curd","vegetarian",10,25,"-1","main course","-1","South"
"Pachadi","curry leaves","vegetarian",10,25,"-1","main course","-1","South"
"Pachadi","mustard seeds","vegetarian",10,25,"-1","main course","-1","South"
"Paniyaram","Yogurt","vegetarian",10,20,"-1","main course","Tamil Nadu","South"
"Paniyaram","ginger","vegetarian",10,20,"-1","main course","Tamil Nadu","South"
"Paniyaram","curry leaves","vegetarian",10,20,"-1","main course","Tamil Nadu","South"
"Paniyaram","baking soda","vegetarian",10,20,"-1","main course","Tamil Nadu","South"
"Paniyaram","green chilli","vegetarian",10,20,"-1","main course","Tamil Nadu","South"
"Papadum","Lentils","vegetarian",5,5,"spicy","snack","Kerala","South"
"Papadum","black pepper","vegetarian",5,5,"spicy","snack","Kerala","South"
"Papadum","vegetable oil","vegetarian",5,5,"spicy","snack","Kerala","South"
"Paravannam","Raw rice","vegetarian",-1,-1,"spicy","main course","Kerala","South"
"Paravannam"," jaggery","vegetarian",-1,-1,"spicy","main course","Kerala","South"
"Paravannam","milk","vegetarian",-1,-1,"spicy","main course","Kerala","South"
"Payasam","Rice","vegetarian",15,30,"sweet","dessert","-1","South"
"Payasam","cashew nuts","vegetarian",15,30,"sweet","dessert","-1","South"
"Payasam","milk","vegetarian",15,30,"sweet","dessert","-1","South"
"Payasam","raisins","vegetarian",15,30,"sweet","dessert","-1","South"
"Payasam","sugar","vegetarian",15,30,"sweet","dessert","-1","South"
"Paruppu sadam","Arhar dal","vegetarian",10,20,"-1","main course","Tamil Nadu","South"
"Paruppu sadam","sambar powder","vegetarian",10,20,"-1","main course","Tamil Nadu","South"
"Paruppu sadam","tomato","vegetarian",10,20,"-1","main course","Tamil Nadu","South"
"Paruppu sadam","curry leaves","vegetarian",10,20,"-1","main course","Tamil Nadu","South"
"Paruppu sadam","fennel seeds","vegetarian",10,20,"-1","main course","Tamil Nadu","South"
"Pesarattu","Green moong beans","vegetarian",120,20,"spicy","snack","Andhra Pradesh","South"
"Pesarattu","rice flour","vegetarian",120,20,"spicy","snack","Andhra Pradesh","South"
"Poriyal","Chana dal","vegetarian",-1,-1,"spicy","main course","Tamil Nadu","South"
"Poriyal","urad dal","vegetarian",-1,-1,"spicy","main course","Tamil Nadu","South"
"Poriyal","beans","vegetarian",-1,-1,"spicy","main course","Tamil Nadu","South"
"Poriyal","coconut","vegetarian",-1,-1,"spicy","main course","Tamil Nadu","South"
"Poriyal","mustard","vegetarian",-1,-1,"spicy","main course","Tamil Nadu","South"
"Puli sadam","Urad dal","vegetarian",10,20,"-1","main course","Tamil Nadu","South"
"Puli sadam","lemon","vegetarian",10,20,"-1","main course","Tamil Nadu","South"
"Puli sadam","tamarind","vegetarian",10,20,"-1","main course","Tamil Nadu","South"
"Puli sadam","cooked rice","vegetarian",10,20,"-1","main course","Tamil Nadu","South"
"Puli sadam","curry leaves","vegetarian",10,20,"-1","main course","Tamil Nadu","South"
"Rasam","Tomato","vegetarian",10,35,"spicy","main course","-1","South"
"Rasam","curry leaves","vegetarian",10,35,"spicy","main course","-1","South"
"Rasam","garlic","vegetarian",10,35,"spicy","main course","-1","South"
"Rasam","mustard seeds","vegetarian",10,35,"spicy","main course","-1","South"
"Rasam","hot water","vegetarian",10,35,"spicy","main course","-1","South"
"Puttu","Brown rice flour","vegetarian",495,40,"-1","main course","Kerala","South"
"Puttu","sugar","vegetarian",495,40,"-1","main course","Kerala","South"
"Puttu","grated coconut","vegetarian",495,40,"-1","main course","Kerala","South"
"Sambar","Pigeon peas","vegetarian",20,45,"spicy","main course","-1","South"
"Sambar","eggplant","vegetarian",20,45,"spicy","main course","-1","South"
"Sambar","drumsticks","vegetarian",20,45,"spicy","main course","-1","South"
"Sambar","sambar powder","vegetarian",20,45,"spicy","main course","-1","South"
"Sambar","tamarind","vegetarian",20,45,"spicy","main course","-1","South"
"Sandige","Thin rice flakes","vegetarian",120,60,"-1","main course","Karnataka","South"
"Sandige","black sesame seeds","vegetarian",120,60,"-1","main course","Karnataka","South"
"Sandige","curry leaves","vegetarian",120,60,"-1","main course","Karnataka","South"
"Sevai","Sevai","vegetarian",120,30,"-1","main course","-1","South"
"Sevai","parboiled rice","vegetarian",120,30,"-1","main course","-1","South"
"Sevai","steamer","vegetarian",120,30,"-1","main course","-1","South"
"Thayir sadam","Urad dal","vegetarian",10,20,"-1","main course","Tamil Nadu","South"
"Thayir sadam","curd","vegetarian",10,20,"-1","main course","Tamil Nadu","South"
"Thayir sadam","sesame oil","vegetarian",10,20,"-1","main course","Tamil Nadu","South"
"Thayir sadam","ginger","vegetarian",10,20,"-1","main course","Tamil Nadu","South"
"Thayir sadam","curry leaves","vegetarian",10,20,"-1","main course","Tamil Nadu","South"
"Thayir sadam","mustard seeds","vegetarian",10,20,"-1","main course","Tamil Nadu","South"
"Theeyal","Coconut","vegetarian",15,20,"-1","main course","Kerala","South"
"Theeyal","whole red beans","vegetarian",15,20,"-1","main course","Kerala","South"
"Theeyal","masala","vegetarian",15,20,"-1","main course","Kerala","South"
"Theeyal","sesame oil","vegetarian",15,20,"-1","main course","Kerala","South"
"Theeyal","tamarind","vegetarian",15,20,"-1","main course","Kerala","South"
"Uttapam","Chana dal","vegetarian",10,20,"spicy","snack","-1","South"
"Uttapam","urad dal","vegetarian",10,20,"spicy","snack","-1","South"
"Uttapam","thick poha","vegetarian",10,20,"spicy","snack","-1","South"
"Uttapam","tomato","vegetarian",10,20,"spicy","snack","-1","South"
"Uttapam","butter","vegetarian",10,20,"spicy","snack","-1","South"
"Vada","Urad dal","vegetarian",15,20,"spicy","snack","-1","South"
"Vada","ginger","vegetarian",15,20,"spicy","snack","-1","South"
"Vada","curry leaves","vegetarian",15,20,"spicy","snack","-1","South"
"Vada","green chilies","vegetarian",15,20,"spicy","snack","-1","South"
"Vada","black pepper","vegetarian",15,20,"spicy","snack","-1","South"
"Chicken Varuval","Meat curry powder","non vegetarian",10,35,"spicy","main course","Tamil Nadu","South"
"Chicken Varuval","chicken chunks","non vegetarian",10,35,"spicy","main course","Tamil Nadu","South"
"Chicken Varuval","ginger","non vegetarian",10,35,"spicy","main course","Tamil Nadu","South"
"Chicken Varuval","tomato","non vegetarian",10,35,"spicy","main course","Tamil Nadu","South"
"Chicken Varuval","cinnamon","non vegetarian",10,35,"spicy","main course","Tamil Nadu","South"
"Upma","Chana dal","vegetarian",10,20,"spicy","snack","-1","-1"
"Upma","urad dal","vegetarian",10,20,"spicy","snack","-1","-1"
"Upma","ginger","vegetarian",10,20,"spicy","snack","-1","-1"
"Upma","curry leaves","vegetarian",10,20,"spicy","snack","-1","-1"
"Upma","sugar","vegetarian",10,20,"spicy","snack","-1","-1"
"Amti","Kala masala","vegetarian",10,45,"spicy","main course","Maharashtra","West"
"Amti","arhar dal","vegetarian",10,45,"spicy","main course","Maharashtra","West"
"Amti","curry leaves","vegetarian",10,45,"spicy","main course","Maharashtra","West"
"Amti","mustard seeds","vegetarian",10,45,"spicy","main course","Maharashtra","West"
"Amti","hot water","vegetarian",10,45,"spicy","main course","Maharashtra","West"
"Zunka","Gram flour","vegetarian",10,25,"spicy","main course","Maharashtra","West"
"Zunka","mustard","vegetarian",10,25,"spicy","main course","Maharashtra","West"
"Zunka","garlic","vegetarian",10,25,"spicy","main course","Maharashtra","West"
"Zunka","turmeric","vegetarian",10,25,"spicy","main course","Maharashtra","West"
"Zunka","red chilli","vegetarian",10,25,"spicy","main course","Maharashtra","West"
"Kolim Jawla","Baingan","non vegetarian",-1,-1,"spicy","main course","Maharashtra","West"
"Kolim Jawla","fish","non vegetarian",-1,-1,"spicy","main course","Maharashtra","West"
"Kolim Jawla","coconut oil","non vegetarian",-1,-1,"spicy","main course","Maharashtra","West"
"Kolim Jawla","fresh coconut","non vegetarian",-1,-1,"spicy","main course","Maharashtra","West"
"Kolim Jawla","ginger","non vegetarian",-1,-1,"spicy","main course","Maharashtra","West"
"Saath","Urad dal","vegetarian",20,40,"spicy","main course","Gujarat","West"
"Saath","potatoes","vegetarian",20,40,"spicy","main course","Gujarat","West"
"Saath","wheat flour","vegetarian",20,40,"spicy","main course","Gujarat","West"
"Saath","sooji","vegetarian",20,40,"spicy","main course","Gujarat","West"
"Bajri no rotlo","Wheat flour","vegetarian",10,10,"spicy","main course","Gujarat","West"
"Bajri no rotlo","pearl millet flour","vegetarian",10,10,"spicy","main course","Gujarat","West"
"Bajri no rotlo","hot water","vegetarian",10,10,"spicy","main course","Gujarat","West"
"Coconut vadi","Condensed milk","vegetarian",20,30,"sweet","dessert","Maharashtra","West"
"Coconut vadi","mawa","vegetarian",20,30,"sweet","dessert","Maharashtra","West"
"Coconut vadi","desiccated coconut","vegetarian",20,30,"sweet","dessert","Maharashtra","West"
"Coconut vadi","almonds","vegetarian",20,30,"sweet","dessert","Maharashtra","West"
"Coconut vadi","cashews","vegetarian",20,30,"sweet","dessert","Maharashtra","West"
"Bhakri","Jowar flour","vegetarian",20,25,"-1","main course","Maharashtra","West"
"Bhakri","sesame seeds","vegetarian",20,25,"-1","main course","Maharashtra","West"
"Bombil fry","Bombay duck","non vegetarian",-1,-1,"spicy","main course","Maharashtra","West"
"Bombil fry","malvani masala","non vegetarian",-1,-1,"spicy","main course","Maharashtra","West"
"Bombil fry","rice flour","non vegetarian",-1,-1,"spicy","main course","Maharashtra","West"
"Bombil fry","bombay rava","non vegetarian",-1,-1,"spicy","main course","Maharashtra","West"
"Bombil fry","green chilies","non vegetarian",-1,-1,"spicy","main course","Maharashtra","West"
"Chakali","Rice flour","vegetarian",10,40,"spicy","snack","Maharashtra","West"
"Chakali","sesame","vegetarian",10,40,"spicy","snack","Maharashtra","West"
"Chakali","plain flour","vegetarian",10,40,"spicy","snack","Maharashtra","West"
"Chakali","turmeric","vegetarian",10,40,"spicy","snack","Maharashtra","West"
"Chakali","red chilli","vegetarian",10,40,"spicy","snack","Maharashtra","West"
"Chevdo","Citric acid","vegetarian",20,30,"spicy","snack","Gujarat","West"
"Chevdo","fry","vegetarian",20,30,"spicy","snack","Gujarat","West"
"Chevdo","raisins","vegetarian",20,30,"spicy","snack","Gujarat","West"
"Chevdo","sugar","vegetarian",20,30,"spicy","snack","Gujarat","West"
"Chevdo","chana daal","vegetarian",20,30,"spicy","snack","Gujarat","West"
"Chorafali","Urad dal","vegetarian",5,15,"spicy","snack","Gujarat","West"
"Chorafali","bengal gram flour","vegetarian",5,15,"spicy","snack","Gujarat","West"
"Chorafali","dried mango","vegetarian",5,15,"spicy","snack","Gujarat","West"
"Chorafali","baking soda","vegetarian",5,15,"spicy","snack","Gujarat","West"
"Chorafali","black salt","vegetarian",5,15,"spicy","snack","Gujarat","West"
"Copra paak","Condensed milk","vegetarian",20,30,"-1","main course","Gujarat","West"
"Copra paak","nestle cream","vegetarian",20,30,"-1","main course","Gujarat","West"
"Copra paak","coconut ice","vegetarian",20,30,"-1","main course","Gujarat","West"
"Copra paak","red food coloring","vegetarian",20,30,"-1","main course","Gujarat","West"
"Copra paak","desiccated coconut","vegetarian",20,30,"-1","main course","Gujarat","West"
"Daal Dhokli","Whole wheat flour","vegetarian",20,30,"spicy","main course","Gujarat","West"
"Daal Dhokli","dal","vegetarian",20,30,"spicy","main course","Gujarat","West"
"Daal Dhokli","kokum","vegetarian",20,30,"spicy","main course","Gujarat","West"
"Daal Dhokli","gur","vegetarian",20,30,"spicy","main course","Gujarat","West"
"Daal Dhokli","bengal gram flour","vegetarian",20,30,"spicy","main course","Gujarat","West"
"Kutchi dabeli","Pav","vegetarian",30,10,"spicy","snack","Gujarat","West"
"Kutchi dabeli","aloo","vegetarian",30,10,"spicy","snack","Gujarat","West"
"Kutchi dabeli","peanut","vegetarian",30,10,"spicy","snack","Gujarat","West"
"Kutchi dabeli","pomegranate","vegetarian",30,10,"spicy","snack","Gujarat","West"
"Kutchi dabeli","star anise","vegetarian",30,10,"spicy","snack","Gujarat","West"
"Dahi vada","Urad dal","vegetarian",30,30,"-1","snack","Maharashtra","West"
"Dahi vada","bhuna chana","vegetarian",30,30,"-1","snack","Maharashtra","West"
"Dahi vada","garam masala","vegetarian",30,30,"-1","snack","Maharashtra","West"
"Dahi vada","dates","vegetarian",30,30,"-1","snack","Maharashtra","West"
"Dahi vada","tamarind","vegetarian",30,30,"-1","snack","Maharashtra","West"
"Dalithoy","Arhar dal","vegetarian",5,20,"-1","main course","Maharashtra","West"
"Dalithoy","coconut oil","vegetarian",5,20,"-1","main course","Maharashtra","West"
"Dalithoy","curry leaves","vegetarian",5,20,"-1","main course","Maharashtra","West"
"Dalithoy","mustard seeds","vegetarian",5,20,"-1","main course","Maharashtra","West"
"Dalithoy","red chilli","vegetarian",5,20,"-1","main course","Maharashtra","West"
"Dhokla","Rava","vegetarian",10,20,"spicy","snack","Gujarat","West"
"Dhokla","coconut","vegetarian",10,20,"spicy","snack","Gujarat","West"
"Dhokla","gram flour","vegetarian",10,20,"spicy","snack","Gujarat","West"
"Dhokla","mustard","vegetarian",10,20,"spicy","snack","Gujarat","West"
"Dhokla","sesame","vegetarian",10,20,"spicy","snack","Gujarat","West"
"Dudhi halwa","Bottle gourd","vegetarian",15,30,"sweet","dessert","Gujarat","West"
"Dudhi halwa","green","vegetarian",15,30,"sweet","dessert","Gujarat","West"
"Dudhi halwa","raisins","vegetarian",15,30,"sweet","dessert","Gujarat","West"
"Dudhi halwa","sugar","vegetarian",15,30,"sweet","dessert","Gujarat","West"
"Dudhi halwa","clarified butter","vegetarian",15,30,"sweet","dessert","Gujarat","West"
"Gatta curry","Yogurt","vegetarian",10,20,"spicy","main course","Rajasthan","West"
"Gatta curry","besan","vegetarian",10,20,"spicy","main course","Rajasthan","West"
"Gatta curry","sauce","vegetarian",10,20,"spicy","main course","Rajasthan","West"
"Gatta curry","garam masala powder","vegetarian",10,20,"spicy","main course","Rajasthan","West"
"Gatta curry","gram flour","vegetarian",10,20,"spicy","main course","Rajasthan","West"
"Gud papdi","Wheat flour","vegetarian",10,20,"sweet","dessert","Gujarat","West"
"Gud papdi","jaggery","vegetarian",10,20,"sweet","dessert","Gujarat","West"
"Gud papdi","clarified butter","vegetarian",10,20,"sweet","dessert","Gujarat","West"
"Gud papdi","sliced almonds","vegetarian",10,20,"sweet","dessert","Gujarat","West"
"Ghooghra","Dry fruits","vegetarian",-1,-1,"spicy","snack","Gujarat","West"
"Ghooghra","semolina","vegetarian",-1,-1,"spicy","snack","Gujarat","West"
"Ghooghra","all purpose flour","vegetarian",-1,-1,"spicy","snack","Gujarat","West"
"Handwo","Bottle gourd","vegetarian",20,30,"spicy","snack","Gujarat","West"
"Handwo","chana dal","vegetarian",20,30,"spicy","snack","Gujarat","West"
"Handwo","cabbage","vegetarian",20,30,"spicy","snack","Gujarat","West"
"Handwo","urad dal","vegetarian",20,30,"spicy","snack","Gujarat","West"
"Handwo","toor dal","vegetarian",20,30,"spicy","snack","Gujarat","West"
"Halvasan","Whole wheat rava","vegetarian",-1,-1,"sweet","dessert","Gujarat","West"
"Halvasan","chia seed","vegetarian",-1,-1,"sweet","dessert","Gujarat","West"
"Halvasan","lemon","vegetarian",-1,-1,"sweet","dessert","Gujarat","West"
"Halvasan","edible gum","vegetarian",-1,-1,"sweet","dessert","Gujarat","West"
"Halvasan","litre milk","vegetarian",-1,-1,"sweet","dessert","Gujarat","West"
"Jeera Aloo","Green chilies","vegetarian",10,30,"spicy","main course","Gujarat","West"
"Jeera Aloo","lemon juice","vegetarian",10,30,"spicy","main course","Gujarat","West"
"Jeera Aloo","chili powder","vegetarian",10,30,"spicy","main course","Gujarat","West"
"Jeera Aloo","boiled potatoes","vegetarian",10,30,"spicy","main course","Gujarat","West"
"Kansar","Wheat flour","vegetarian",10,40,"-1","main course","Gujarat","West"
"Kansar","cashews","vegetarian",10,40,"-1","main course","Gujarat","West"
"Kansar","rapeseed oil","vegetarian",10,40,"-1","main course","Gujarat","West"
"Keri no ras","Mango","vegetarian",10,10,"sour","main course","Gujarat","West"
"Keri no ras","sugar","vegetarian",10,10,"sour","main course","Gujarat","West"
"Khakhra","Whole wheat flour","vegetarian",20,40,"spicy","snack","Gujarat","West"
"Khakhra","low fat","vegetarian",20,40,"spicy","snack","Gujarat","West"
"Khakhra","bengal gram flour","vegetarian",20,40,"spicy","snack","Gujarat","West"
"Khandvi","Green chili paste","vegetarian",20,45,"spicy","snack","Gujarat","West"
"Khandvi","white sesame seeds","vegetarian",20,45,"spicy","snack","Gujarat","West"
"Khandvi","gram flour","vegetarian",20,45,"spicy","snack","Gujarat","West"
"Khandvi","curry leaves","vegetarian",20,45,"spicy","snack","Gujarat","West"
"Khandvi","green chili","vegetarian",20,45,"spicy","snack","Gujarat","West"
"Kombdi vade","Rice flour","vegetarian",10,25,"spicy","snack","Maharashtra","West"
"Kombdi vade","urad dal","vegetarian",10,25,"spicy","snack","Maharashtra","West"
"Kombdi vade","wheat flour","vegetarian",10,25,"spicy","snack","Maharashtra","West"
"Kombdi vade","gram flour","vegetarian",10,25,"spicy","snack","Maharashtra","West"
"Kombdi vade","turmeric","vegetarian",10,25,"spicy","snack","Maharashtra","West"
"Laapsi","Cinnamon","vegetarian",10,40,"spicy","main course","Madhya Pradesh","Central"
"Laapsi","jaggery","vegetarian",10,40,"spicy","main course","Madhya Pradesh","Central"
"Laapsi","clarified butter","vegetarian",10,40,"spicy","main course","Madhya Pradesh","Central"
"Laapsi","dry roasted","vegetarian",10,40,"spicy","main course","Madhya Pradesh","Central"
"Koshimbir","Cucumber","vegetarian",10,10,"spicy","main course","Maharashtra","West"
"Koshimbir","carrot","vegetarian",10,10,"spicy","main course","Maharashtra","West"
"Koshimbir","tomatoes","vegetarian",10,10,"spicy","main course","Maharashtra","West"
"Koshimbir","cilantro","vegetarian",10,10,"spicy","main course","Maharashtra","West"
"Methi na Gota","Rava","vegetarian",15,30,"bitter","main course","Gujarat","West"
"Methi na Gota","gram flour","vegetarian",15,30,"bitter","main course","Gujarat","West"
"Methi na Gota","lemon juice","vegetarian",15,30,"bitter","main course","Gujarat","West"
"Methi na Gota","turmeric","vegetarian",15,30,"bitter","main course","Gujarat","West"
"Methi na Gota","fenugreek leaves","vegetarian",15,30,"bitter","main course","Gujarat","West"
"Mohanthal","Rose water","vegetarian",5,45,"sweet","dessert","Gujarat","West"
"Mohanthal","pistachio","vegetarian",5,45,"sweet","dessert","Gujarat","West"
"Mohanthal","badam","vegetarian",5,45,"sweet","dessert","Gujarat","West"
"Mohanthal","bengal gram flour","vegetarian",5,45,"sweet","dessert","Gujarat","West"
"Mohanthal","saffron","vegetarian",5,45,"sweet","dessert","Gujarat","West"
"Muthiya","Bottle gourd","vegetarian",15,30,"bitter","snack","Gujarat","West"
"Muthiya","whole wheat flour","vegetarian",15,30,"bitter","snack","Gujarat","West"
"Muthiya","rava","vegetarian",15,30,"bitter","snack","Gujarat","West"
"Muthiya","sesame seeds","vegetarian",15,30,"bitter","snack","Gujarat","West"
"Muthiya","bengal gram flour","vegetarian",15,30,"bitter","snack","Gujarat","West"
"Patra","Arbi ke patte","vegetarian",10,40,"spicy","snack","Gujarat","West"
"Patra","sesame seeds","vegetarian",10,40,"spicy","snack","Gujarat","West"
"Patra","gur","vegetarian",10,40,"spicy","snack","Gujarat","West"
"Patra","bengal gram flour","vegetarian",10,40,"spicy","snack","Gujarat","West"
"Patra","imli","vegetarian",10,40,"spicy","snack","Gujarat","West"
"Pav Bhaji","Pav bhaji masala","vegetarian",20,40,"spicy","main course","Maharashtra","West"
"Pav Bhaji","gobi","vegetarian",20,40,"spicy","main course","Maharashtra","West"
"Pav Bhaji","potatoes","vegetarian",20,40,"spicy","main course","Maharashtra","West"
"Pav Bhaji","green peas","vegetarian",20,40,"spicy","main course","Maharashtra","West"
"Pav Bhaji","dinner rolls","vegetarian",20,40,"spicy","main course","Maharashtra","West"
"Puri Bhaji","Aloo","vegetarian",10,30,"spicy","main course","Maharashtra","West"
"Puri Bhaji","urad dal","vegetarian",10,30,"spicy","main course","Maharashtra","West"
"Puri Bhaji","mustard","vegetarian",10,30,"spicy","main course","Maharashtra","West"
"Puri Bhaji","ginger","vegetarian",10,30,"spicy","main course","Maharashtra","West"
"Puri Bhaji","curry leaves","vegetarian",10,30,"spicy","main course","Maharashtra","West"
"Sabudana Khichadi","Raw peanuts","vegetarian",70,30,"spicy","snack","Maharashtra","West"
"Sabudana Khichadi","sabudana","vegetarian",70,30,"spicy","snack","Maharashtra","West"
"Sabudana Khichadi","lemon","vegetarian",70,30,"spicy","snack","Maharashtra","West"
"Sabudana Khichadi","avocado oil","vegetarian",70,30,"spicy","snack","Maharashtra","West"
"Sabudana Khichadi","curry leaves","vegetarian",70,30,"spicy","snack","Maharashtra","West"
"Sabudana Khichadi","green chili","vegetarian",70,30,"spicy","snack","Maharashtra","West"
"Sev khamani","Khaman","vegetarian",20,30,"spicy","main course","Gujarat","West"
"Sev khamani","pomegranate","vegetarian",20,30,"spicy","main course","Gujarat","West"
"Sev khamani","sev","vegetarian",20,30,"spicy","main course","Gujarat","West"
"Sev khamani","powdered sugar","vegetarian",20,30,"spicy","main course","Gujarat","West"
"Sev khamani","garlic","vegetarian",20,30,"spicy","main course","Gujarat","West"
"Sev tameta","Sev","vegetarian",20,30,"spicy","main course","Gujarat","West"
"Sev tameta","ginger","vegetarian",20,30,"spicy","main course","Gujarat","West"
"Sev tameta","tomato","vegetarian",20,30,"spicy","main course","Gujarat","West"
"Sev tameta","sugar","vegetarian",20,30,"spicy","main course","Gujarat","West"
"Namakpara","Wheat flour","vegetarian",10,35,"spicy","snack","Gujarat","West"
"Namakpara","baking soda","vegetarian",10,35,"spicy","snack","Gujarat","West"
"Namakpara","all purpose flour","vegetarian",10,35,"spicy","snack","Gujarat","West"
"Namakpara","black pepper","vegetarian",10,35,"spicy","snack","Gujarat","West"
"Namakpara","sunflower oil","vegetarian",10,35,"spicy","snack","Gujarat","West"
"Sukhdi","Whole wheat flour","vegetarian",10,20,"sweet","dessert","Maharashtra","West"
"Sukhdi","gur","vegetarian",10,20,"sweet","dessert","Maharashtra","West"
"Sukhdi","clarified butter","vegetarian",10,20,"sweet","dessert","Maharashtra","West"
"Surnoli","Rice flakes","vegetarian",60,10,"spicy","snack","Maharashtra","West"
"Surnoli","yogurt","vegetarian",60,10,"spicy","snack","Maharashtra","West"
"Surnoli","raw rice","vegetarian",60,10,"spicy","snack","Maharashtra","West"
"Surnoli","jaggery","vegetarian",60,10,"spicy","snack","Maharashtra","West"
"Surnoli","grated coconut","vegetarian",60,10,"spicy","snack","Maharashtra","West"
"Thalipeeth","Whole wheat flour","vegetarian",25,30,"spicy","main course","Maharashtra","West"
"Thalipeeth","rice flour","vegetarian",25,30,"spicy","main course","Maharashtra","West"
"Thalipeeth","pearl millet flour","vegetarian",25,30,"spicy","main course","Maharashtra","West"
"Thalipeeth","sorghum flour","vegetarian",25,30,"spicy","main course","Maharashtra","West"
"Thalipeeth","sesame seeds","vegetarian",25,30,"spicy","main course","Maharashtra","West"
"Undhiyu","Sweet potato","vegetarian",25,60,"spicy","main course","Gujarat","West"
"Undhiyu","surti papdi","vegetarian",25,60,"spicy","main course","Gujarat","West"
"Undhiyu","baby potatoes","vegetarian",25,60,"spicy","main course","Gujarat","West"
"Undhiyu","valor papdi","vegetarian",25,60,"spicy","main course","Gujarat","West"
"Undhiyu","green peas","vegetarian",25,60,"spicy","main course","Gujarat","West"
"Veg Kolhapuri","Gobi","vegetarian",20,30,"spicy","main course","Maharashtra","West"
"Veg Kolhapuri","potato","vegetarian",20,30,"spicy","main course","Maharashtra","West"
"Veg Kolhapuri","beans","vegetarian",20,30,"spicy","main course","Maharashtra","West"
"Veg Kolhapuri","khus khus","vegetarian",20,30,"spicy","main course","Maharashtra","West"
"Veg Kolhapuri","coconut","vegetarian",20,30,"spicy","main course","Maharashtra","West"
"Vindaloo","Chicken","non vegetarian",10,40,"spicy","main course","Goa","West"
"Vindaloo","coconut oil","non vegetarian",10,40,"spicy","main course","Goa","West"
"Vindaloo","wine vinegar","non vegetarian",10,40,"spicy","main course","Goa","West"
"Vindaloo","ginger","non vegetarian",10,40,"spicy","main course","Goa","West"
"Vindaloo","green","non vegetarian",10,40,"spicy","main course","Goa","West"
"Vindaloo","cinnamon","non vegetarian",10,40,"spicy","main course","Goa","West"
"Lilva Kachori","Green garlic chutney","vegetarian",30,6,"spicy","snack","Gujarat","West"
"Lilva Kachori","fresh green peas","vegetarian",30,6,"spicy","snack","Gujarat","West"
"Lilva Kachori","ginger","vegetarian",30,6,"spicy","snack","Gujarat","West"
"Lilva Kachori","lemon juice","vegetarian",30,6,"spicy","snack","Gujarat","West"
"Lilva Kachori","plain flour","vegetarian",30,6,"spicy","snack","Gujarat","West"
"Mag Dhokli","Moong beans","vegetarian",-1,-1,"spicy","snack","Gujarat","West"
"Mag Dhokli","jaggery","vegetarian",-1,-1,"spicy","snack","Gujarat","West"
"Mag Dhokli","red chillies","vegetarian",-1,-1,"spicy","snack","Gujarat","West"
"Mag Dhokli","oil","vegetarian",-1,-1,"spicy","snack","Gujarat","West"
"Mag Dhokli","salt","vegetarian",-1,-1,"spicy","snack","Gujarat","West"
"Khichu","Rice flour","vegetarian",5,10,"spicy","snack","Gujarat","West"
"Khichu","sesame seeds","vegetarian",5,10,"spicy","snack","Gujarat","West"
"Khichu","baking soda","vegetarian",5,10,"spicy","snack","Gujarat","West"
"Khichu","peanut oil","vegetarian",5,10,"spicy","snack","Gujarat","West"
"Thepla","Chickpea flour","vegetarian",15,30,"spicy","snack","Gujarat","West"
"Thepla","methi leaves","vegetarian",15,30,"spicy","snack","Gujarat","West"
"Thepla","jowar flour","vegetarian",15,30,"spicy","snack","Gujarat","West"
"Thepla","wheat flour","vegetarian",15,30,"spicy","snack","Gujarat","West"
"Farsi Puri","Semolina","vegetarian",-1,-1,"-1","snack","Gujarat","West"
"Farsi Puri","clarified butter","vegetarian",-1,-1,"-1","snack","Gujarat","West"
"Farsi Puri","oil","vegetarian",-1,-1,"-1","snack","Gujarat","West"
"Farsi Puri","white flour","vegetarian",-1,-1,"-1","snack","Gujarat","West"
"Farsi Puri","black pepper","vegetarian",-1,-1,"-1","snack","Gujarat","West"
"Khaman","Yogurt","vegetarian",10,20,"spicy","snack","Gujarat","West"
"Khaman","fresh coconut","vegetarian",10,20,"spicy","snack","Gujarat","West"
"Khaman","sesame seeds","vegetarian",10,20,"spicy","snack","Gujarat","West"
"Khaman","semolina","vegetarian",10,20,"spicy","snack","Gujarat","West"
"Khaman","gram flour","vegetarian",10,20,"spicy","snack","Gujarat","West"
"Turiya Patra Vatana sabji","Ridge gourd","vegetarian",35,40,"spicy","main course","Gujarat","West"
"Turiya Patra Vatana sabji","baking soda","vegetarian",35,40,"spicy","main course","Gujarat","West"
"Turiya Patra Vatana sabji","sugar","vegetarian",35,40,"spicy","main course","Gujarat","West"
"Turiya Patra Vatana sabji","grated coconut","vegetarian",35,40,"spicy","main course","Gujarat","West"
"Turiya Patra Vatana sabji","peas","vegetarian",35,40,"spicy","main course","Gujarat","West"
"Churma Ladoo","Whole wheat flour","vegetarian",12,40,"sweet","dessert","Rajasthan","West"
"Churma Ladoo","khus khus","vegetarian",12,40,"sweet","dessert","Rajasthan","West"
"Churma Ladoo","sesame seeds","vegetarian",12,40,"sweet","dessert","Rajasthan","West"
"Churma Ladoo","dry coconut","vegetarian",12,40,"sweet","dessert","Rajasthan","West"
"Churma Ladoo","gur","vegetarian",12,40,"sweet","dessert","Rajasthan","West"
"Cheera Doi","Rice","vegetarian",-1,-1,"sweet","dessert","West Bengal","East"
"Cheera Doi","mango","vegetarian",-1,-1,"sweet","dessert","West Bengal","East"
"Cheera Doi","curd","vegetarian",-1,-1,"sweet","dessert","West Bengal","East"
"Gheela Pitha","Sticky rice","vegetarian",10,30,"sweet","dessert","Assam","North East"
"Gheela Pitha","rice flour","vegetarian",10,30,"sweet","dessert","Assam","North East"
"Gheela Pitha","jaggery","vegetarian",10,30,"sweet","dessert","Assam","North East"
"Gheela Pitha","orange rind","vegetarian",10,30,"sweet","dessert","Assam","North East"
"Khar","Raw papaya","vegetarian",10,20,"-1","main course","Assam","North East"
"Khar","panch phoran masala","vegetarian",10,20,"-1","main course","Assam","North East"
"Khar","nigella seeds","vegetarian",10,20,"-1","main course","Assam","North East"
"Khar","mustard oil","vegetarian",10,20,"-1","main course","Assam","North East"
"Khar","fennel seeds","vegetarian",10,20,"-1","main course","Assam","North East"
"Kumol Sawul","Rice","non vegetarian",-1,-1,"spicy","main course","Assam","North East"
"Kumol Sawul","eggs","non vegetarian",-1,-1,"spicy","main course","Assam","North East"
"Kumol Sawul","carrot","non vegetarian",-1,-1,"spicy","main course","Assam","North East"
"Kumol Sawul","beetroot","non vegetarian",-1,-1,"spicy","main course","Assam","North East"
"Luchi","Maida","vegetarian",20,30,"-1","main course","West Bengal","East"
"Luchi","vegetable oil","vegetarian",20,30,"-1","main course","West Bengal","East"
"Alu Pitika","Potatoes","non vegetarian",5,20,"spicy","main course","Assam","North East"
"Alu Pitika","mustard oil","non vegetarian",5,20,"spicy","main course","Assam","North East"
"Alu Pitika","fish","non vegetarian",5,20,"spicy","main course","Assam","North East"
"Alu Pitika","green chillies","non vegetarian",5,20,"spicy","main course","Assam","North East"
"Masor tenga","Ridge gourd","non vegetarian",15,25,"spicy","main course","Assam","North East"
"Masor tenga","fish","non vegetarian",15,25,"spicy","main course","Assam","North East"
"Masor tenga","lemon","non vegetarian",15,25,"spicy","main course","Assam","North East"
"Masor tenga","tomatoes","non vegetarian",15,25,"spicy","main course","Assam","North East"
"Masor tenga","mustard oil","non vegetarian",15,25,"spicy","main course","Assam","North East"
"Bengena Pitika","Brinjal","vegetarian",-1,-1,"-1","main course","Assam","North East"
"Bengena Pitika","onions","vegetarian",-1,-1,"-1","main course","Assam","North East"
"Bengena Pitika","salt","vegetarian",-1,-1,"-1","main course","Assam","North East"
"Bengena Pitika","sesame seeds","vegetarian",-1,-1,"-1","main course","Assam","North East"
"Bengena Pitika","coriander","vegetarian",-1,-1,"-1","main course","Assam","North East"
"Bilahi Maas","Potatoes","non vegetarian",10,20,"-1","main course","Assam","North East"
"Bilahi Maas","garam masala","non vegetarian",10,20,"-1","main course","Assam","North East"
"Bilahi Maas","tomatoes","non vegetarian",10,20,"-1","main course","Assam","North East"
"Bilahi Maas","mustard oil","non vegetarian",10,20,"-1","main course","Assam","North East"
"Bilahi Maas","bay leaf","non vegetarian",10,20,"-1","main course","Assam","North East"
"Black rice","Forbidden black rice","non vegetarian",-1,-1,"-1","main course","Manipur","North East"
"Black rice","chicken","non vegetarian",-1,-1,"-1","main course","Manipur","North East"
"Black rice","olive oil","non vegetarian",-1,-1,"-1","main course","Manipur","North East"
"Black rice","slivered almonds","non vegetarian",-1,-1,"-1","main course","Manipur","North East"
"Black rice","garlic powder","non vegetarian",-1,-1,"-1","main course","Manipur","North East"
"Bora Sawul","Biryani masala","vegetarian",-1,-1,"spicy","main course","Assam","North East"
"Bora Sawul","mixed vegetables","vegetarian",-1,-1,"spicy","main course","Assam","North East"
"Bora Sawul","yellow moong daal","vegetarian",-1,-1,"spicy","main course","Assam","North East"
"Bora Sawul","whole red","vegetarian",-1,-1,"spicy","main course","Assam","North East"
"Bora Sawul","mustard seeds","vegetarian",-1,-1,"spicy","main course","Assam","North East"
"Brown Rice","Brown rice","vegetarian",15,25,"-1","main course","-1","-1"
"Brown Rice","soy sauce","vegetarian",15,25,"-1","main course","-1","-1"
"Brown Rice","olive oil","vegetarian",15,25,"-1","main course","-1","-1"
"Chingri malai curry","Coconut milk","non vegetarian",10,40,"spicy","main course","West Bengal","East"
"Chingri malai curry","lobster","non vegetarian",10,40,"spicy","main course","West Bengal","East"
"Chingri malai curry","fresh green chilli","non vegetarian",10,40,"spicy","main course","West Bengal","East"
"Chingri malai curry","ginger","non vegetarian",10,40,"spicy","main course","West Bengal","East"
"Chingri malai curry","red onion","non vegetarian",10,40,"spicy","main course","West Bengal","East"
"Goja","Baking soda","vegetarian",20,60,"sweet","dessert","West Bengal","East"
"Goja","clarified butter","vegetarian",20,60,"sweet","dessert","West Bengal","East"
"Goja","oil","vegetarian",20,60,"sweet","dessert","West Bengal","East"
"Goja","all purpose flour","vegetarian",20,60,"sweet","dessert","West Bengal","East"
"Hando Guri","Jaggery","vegetarian",-1,-1,"sweet","dessert","Assam","North East"
"Hando Guri","raisins","vegetarian",-1,-1,"sweet","dessert","Assam","North East"
"Haq Maas","Lamb","non vegetarian",20,40,"spicy","main course","Assam","North East"
"Haq Maas","garam masala powder","non vegetarian",20,40,"spicy","main course","Assam","North East"
"Haq Maas","curd","non vegetarian",20,40,"spicy","main course","Assam","North East"
"Haq Maas","turmeric","non vegetarian",20,40,"spicy","main course","Assam","North East"
"Haq Maas","bay leaf","non vegetarian",20,40,"spicy","main course","Assam","North East"
"Chingri Bhape","Coconut","non vegetarian",15,30,"-1","main course","West Bengal","East"
"Chingri Bhape","prawns","non vegetarian",15,30,"-1","main course","West Bengal","East"
"Chingri Bhape","curd","non vegetarian",15,30,"-1","main course","West Bengal","East"
"Chingri Bhape","mustard seed","non vegetarian",15,30,"-1","main course","West Bengal","East"
"Chingri Bhape","green chili","non vegetarian",15,30,"-1","main course","West Bengal","East"
"Kabiraji","Fish fillet","non vegetarian",-1,-1,"spicy","main course","West Bengal","East"
"Kabiraji","besan","non vegetarian",-1,-1,"spicy","main course","West Bengal","East"
"Kabiraji","lemon","non vegetarian",-1,-1,"spicy","main course","West Bengal","East"
"Kabiraji","mint","non vegetarian",-1,-1,"spicy","main course","West Bengal","East"
"Kabiraji","ginger","non vegetarian",-1,-1,"spicy","main course","West Bengal","East"
"Khorisa","Fermented bamboo shoot","vegetarian",-1,-1,"spicy","main course","Assam","North East"
"Khorisa","potato","vegetarian",-1,-1,"spicy","main course","Assam","North East"
"Khorisa","ginger","vegetarian",-1,-1,"spicy","main course","Assam","North East"
"Khorisa","green","vegetarian",-1,-1,"spicy","main course","Assam","North East"
"Khorisa","mustard oil","vegetarian",-1,-1,"spicy","main course","Assam","North East"
"Koldil Chicken","Banana flower","non vegetarian",-1,-1,"spicy","main course","Assam","North East"
"Koldil Chicken","chicken","non vegetarian",-1,-1,"spicy","main course","Assam","North East"
"Koldil Chicken","green chili","non vegetarian",-1,-1,"spicy","main course","Assam","North East"
"Koldil Chicken","mustard oil","non vegetarian",-1,-1,"spicy","main course","Assam","North East"
"Koldil Chicken","lemon juice","non vegetarian",-1,-1,"spicy","main course","Assam","North East"
"Konir Dom","Aloo","non vegetarian",-1,-1,"spicy","main course","Assam","North East"
"Konir Dom","tomatoes","non vegetarian",-1,-1,"spicy","main course","Assam","North East"
"Konir Dom","mustard oil","non vegetarian",-1,-1,"spicy","main course","Assam","North East"
"Konir Dom","bay leaf","non vegetarian",-1,-1,"spicy","main course","Assam","North East"
"Konir Dom","cinnamon stick","non vegetarian",-1,-1,"spicy","main course","Assam","North East"
"Koldil Duck","Rice flour","non vegetarian",-1,-1,"spicy","main course","Assam","North East"
"Koldil Duck","mutton","non vegetarian",-1,-1,"spicy","main course","Assam","North East"
"Koldil Duck","banana","non vegetarian",-1,-1,"spicy","main course","Assam","North East"
"Koldil Duck","gram flour","non vegetarian",-1,-1,"spicy","main course","Assam","North East"
"Koldil Duck","olive oil","non vegetarian",-1,-1,"spicy","main course","Assam","North East"
"Koldil Duck","baking powder","non vegetarian",-1,-1,"spicy","main course","Assam","North East"
"Masor Koni","Fish roe","non vegetarian",-1,-1,"spicy","main course","Assam","North East"
"Masor Koni","pumpkin flowers","non vegetarian",-1,-1,"spicy","main course","Assam","North East"
"Masor Koni","mustard oil","non vegetarian",-1,-1,"spicy","main course","Assam","North East"
"Masor Koni","turmeric","non vegetarian",-1,-1,"spicy","main course","Assam","North East"
"Masor Koni","tomato","non vegetarian",-1,-1,"spicy","main course","Assam","North East"
"Mishti Chholar Dal","Chana dal","vegetarian",10,30,"sweet","main course","West Bengal","East"
"Mishti Chholar Dal","fresh coconut","vegetarian",10,30,"sweet","main course","West Bengal","East"
"Mishti Chholar Dal","ginger","vegetarian",10,30,"sweet","main course","West Bengal","East"
"Mishti Chholar Dal","cinnamon","vegetarian",10,30,"sweet","main course","West Bengal","East"
"Mishti Chholar Dal","raisins","vegetarian",10,30,"sweet","main course","West Bengal","East"
"Pakhala","Curd","vegetarian",-1,-1,"-1","main course","Odisha","East"
"Pakhala","cooked rice","vegetarian",-1,-1,"-1","main course","Odisha","East"
"Pakhala","curry leaves","vegetarian",-1,-1,"-1","main course","Odisha","East"
"Pakhala","dry chilli","vegetarian",-1,-1,"-1","main course","Odisha","East"
"Pani Pitha","Tea leaves","vegetarian",10,20,"-1","main course","Assam","North East"
"Pani Pitha","white sesame seeds","vegetarian",10,20,"-1","main course","Assam","North East"
"Pani Pitha","dry coconut","vegetarian",10,20,"-1","main course","Assam","North East"
"Pani Pitha","soaked rice","vegetarian",10,20,"-1","main course","Assam","North East"
"Payokh","Basmati rice","vegetarian",-1,-1,"sweet","dessert","Assam","North East"
"Payokh","rose water","vegetarian",-1,-1,"sweet","dessert","Assam","North East"
"Payokh","sugar","vegetarian",-1,-1,"sweet","dessert","Assam","North East"
"Payokh","clarified butter","vegetarian",-1,-1,"sweet","dessert","Assam","North East"
"Payokh","cardamom pods","vegetarian",-1,-1,"sweet","dessert","Assam","North East"
"Prawn malai curry","Coconut milk","non vegetarian",15,50,"spicy","main course","West Bengal","East"
"Prawn malai curry","prawns","non vegetarian",15,50,"spicy","main course","West Bengal","East"
"Prawn malai curry","garlic","non vegetarian",15,50,"spicy","main course","West Bengal","East"
"Prawn malai curry","turmeric","non vegetarian",15,50,"spicy","main course","West Bengal","East"
"Prawn malai curry","sugar","non vegetarian",15,50,"spicy","main course","West Bengal","East"
"Red Rice","Red pepper","vegetarian",-1,-1,"-1","main course","-1","-1"
"Red Rice","red onion","vegetarian",-1,-1,"-1","main course","-1","-1"
"Red Rice","butter","vegetarian",-1,-1,"-1","main course","-1","-1"
"Red Rice","watercress","vegetarian",-1,-1,"-1","main course","-1","-1"
"Red Rice","olive oil","vegetarian",-1,-1,"-1","main course","-1","-1"
"Shukto","Green beans","vegetarian",10,20,"spicy","main course","West Bengal","East"
"Shukto","bitter gourd","vegetarian",10,20,"spicy","main course","West Bengal","East"
"Shukto","ridge gourd","vegetarian",10,20,"spicy","main course","West Bengal","East"
"Shukto","banana","vegetarian",10,20,"spicy","main course","West Bengal","East"
"Shukto","brinjal","vegetarian",10,20,"spicy","main course","West Bengal","East"
"Til Pitha","Glutinous rice","vegetarian",5,30,"sweet","dessert","Assam","North East"
"Til Pitha","black sesame seeds","vegetarian",5,30,"sweet","dessert","Assam","North East"
"Til Pitha","gur","vegetarian",5,30,"sweet","dessert","Assam","North East"
"Bebinca","Coconut milk","vegetarian",20,60,"sweet","dessert","Goa","West"
"Bebinca","egg yolks","vegetarian",20,60,"sweet","dessert","Goa","West"
"Bebinca","clarified butter","vegetarian",20,60,"sweet","dessert","Goa","West"
"Bebinca","all purpose flour","vegetarian",20,60,"sweet","dessert","Goa","West"
"Shufta","Cottage cheese","vegetarian",-1,-1,"sweet","dessert","Jammu & Kashmir","North"
"Shufta","dry dates","vegetarian",-1,-1,"sweet","dessert","Jammu & Kashmir","North"
"Shufta","dried rose petals","vegetarian",-1,-1,"sweet","dessert","Jammu & Kashmir","North"
"Shufta","pistachio","vegetarian",-1,-1,"sweet","dessert","Jammu & Kashmir","North"
"Shufta","badam","vegetarian",-1,-1,"sweet","dessert","Jammu & Kashmir","North"
"Mawa Bati","Milk powder","vegetarian",20,45,"sweet","dessert","Madhya Pradesh","Central"
"Mawa Bati","dry fruits","vegetarian",20,45,"sweet","dessert","Madhya Pradesh","Central"
"Mawa Bati","arrowroot powder","vegetarian",20,45,"sweet","dessert","Madhya Pradesh","Central"
"Mawa Bati","all purpose flour","vegetarian",20,45,"sweet","dessert","Madhya Pradesh","Central"
"Pinaca","Brown rice","vegetarian",-1,-1,"sweet","dessert","Goa","West"
"Pinaca","fennel seeds","vegetarian",-1,-1,"sweet","dessert","Goa","West"
"Pinaca","grated coconut","vegetarian",-1,-1,"sweet","dessert","Goa","West"
"Pinaca","black pepper","vegetarian",-1,-1,"sweet","dessert","Goa","West"
"Pinaca","ginger powder","vegetarian",-1,-1,"sweet","dessert","Goa","West"
